common_name,scientific_name,set,power_color,power_category,predator,flocking,bonus_card,victory_points,nest_type,egg_capacity,wingspan,forest,grassland,wetland,invertebrate,seed,fish,fruit,rodent,nectar,any_food,food_cost_div,food_cost_mul,total_food_cost,anatomist,cartographer,historian,photographer,backyard_birder,bird_bander,bird_counter,bird_feeder,diet_specialist,enclosure_builder,falconer,fishery_manager,food_web_expert,forester,large_bird_specialist,nest_box_builder,omnivore_expert,passerine_specialist,platform_builder,prairie_manager,rodentologist,viticulturalist,wetland_scientist,wildlife_gardener
Abbott's Booby,Papasula abbotti,oceania,White,NA,FALSE,FALSE,TRUE,5,Platform,1,190,FALSE,FALSE,TRUE,0,0,2,0,0,0,0,FALSE,FALSE,2,FALSE,FALSE,TRUE,FALSE,FALSE,FALSE,FALSE,FALSE,FALSE,FALSE,FALSE,TRUE,FALSE,FALSE,TRUE,FALSE,FALSE,FALSE,TRUE,FALSE,FALSE,FALSE,TRUE,FALSE
Acorn Woodpecker,Melanerpes formicivorus,core,Brown,Caching Food,FALSE,FALSE,FALSE,5,Cavity,4,46,TRUE,FALSE,FALSE,0,3,0,0,0,0,0,FALSE,FALSE,3,FALSE,FALSE,FALSE,FALSE,FALSE,FALSE,FALSE,TRUE,TRUE,FALSE,FALSE,FALSE,FALSE,TRUE,FALSE,TRUE,FALSE,FALSE,FALSE,FALSE,FALSE,FALSE,FALSE,FALSE
American Avocet,Recurvirostra americana,core,Pink,Egg-laying,FALSE,FALSE,FALSE,6,Ground,2,79,FALSE,FALSE,TRUE,2,1,0,0,0,0,0,FALSE,FALSE,3,FALSE,TRUE,FALSE,FALSE,FALSE,FALSE,FALSE,TRUE,TRUE,TRUE,FALSE,FALSE,FALSE,FALSE,TRUE,FALSE,FALSE,FALSE,FALSE,FALSE,FALSE,FALSE,TRUE,FALSE
American Bittern,Botaurus lentiginosus,core,Brown,Card-drawing,FALSE,FALSE,FALSE,7,Platform,2,107,FALSE,FALSE,TRUE,1,0,1,0,1,0,0,FALSE,FALSE,3,FALSE,TRUE,FALSE,FALSE,FALSE,FALSE,FALSE,FALSE,TRUE,FALSE,FALSE,TRUE,FALSE,FALSE,TRUE,FALSE,FALSE,FALSE,TRUE,FALSE,TRUE,FALSE,TRUE,FALSE
American Coot,Fulica americana,core,Brown,Flocking,FALSE,TRUE,FALSE,3,Platform,5,61,FALSE,FALSE,TRUE,0,1,0,0,0,0,1,FALSE,FALSE,2,FALSE,TRUE,FALSE,FALSE,TRUE,FALSE,TRUE,TRUE,FALSE,FALSE,FALSE,FALSE,FALSE,FALSE,FALSE,FALSE,TRUE,FALSE,TRUE,FALSE,FALSE,FALSE,TRUE,FALSE
American Crow,Corvus brachyrhynchos,core,Brown,Food from Supply,FALSE,FALSE,FALSE,4,Platform,2,99,TRUE,TRUE,TRUE,0,0,0,0,0,0,1,FALSE,FALSE,1,FALSE,TRUE,FALSE,FALSE,FALSE,TRUE,FALSE,FALSE,FALSE,FALSE,FALSE,FALSE,FALSE,FALSE,TRUE,FALSE,TRUE,FALSE,TRUE,FALSE,FALSE,FALSE,FALSE,FALSE
American Goldfinch,Spinus tristis,core,White,Food from Supply,FALSE,FALSE,FALSE,3,Bowl,3,23,FALSE,TRUE,FALSE,0,2,0,0,0,0,0,FALSE,FALSE,2,FALSE,TRUE,FALSE,TRUE,TRUE,FALSE,FALSE,TRUE,FALSE,FALSE,FALSE,FALSE,FALSE,FALSE,FALSE,FALSE,FALSE,TRUE,FALSE,TRUE,FALSE,FALSE,FALSE,TRUE
American Kestrel,Falco sparverius,core,Brown,Hunting/Fishing,TRUE,FALSE,FALSE,5,Cavity,3,56,FALSE,TRUE,FALSE,1,0,0,0,1,0,0,FALSE,FALSE,2,FALSE,TRUE,FALSE,FALSE,FALSE,FALSE,FALSE,FALSE,FALSE,FALSE,TRUE,FALSE,FALSE,FALSE,FALSE,TRUE,FALSE,FALSE,FALSE,TRUE,TRUE,FALSE,FALSE,FALSE
American Oystercatcher,Haematopus palliatus,core,White,Card-drawing,FALSE,FALSE,FALSE,5,Ground,2,81,FALSE,FALSE,TRUE,2,0,0,0,0,0,0,FALSE,FALSE,2,FALSE,TRUE,FALSE,FALSE,FALSE,FALSE,FALSE,FALSE,FALSE,TRUE,FALSE,FALSE,TRUE,FALSE,TRUE,FALSE,FALSE,FALSE,FALSE,FALSE,FALSE,FALSE,TRUE,FALSE
American Redstart,Setophaga ruticilla,swiftstart,Brown,NA,FALSE,FALSE,FALSE,4,Bowl,2,20,TRUE,FALSE,FALSE,1,0,0,1,0,0,0,FALSE,FALSE,2,FALSE,TRUE,FALSE,TRUE,FALSE,FALSE,FALSE,FALSE,FALSE,FALSE,FALSE,FALSE,FALSE,TRUE,FALSE,FALSE,FALSE,TRUE,FALSE,FALSE,FALSE,TRUE,FALSE,TRUE
American Robin,Turdus migratorius,core,Brown,Flocking,FALSE,TRUE,FALSE,1,Bowl,4,43,TRUE,TRUE,FALSE,1,0,0,1,0,0,0,TRUE,FALSE,1,FALSE,TRUE,FALSE,FALSE,TRUE,TRUE,TRUE,FALSE,FALSE,FALSE,FALSE,FALSE,FALSE,FALSE,FALSE,FALSE,FALSE,FALSE,FALSE,FALSE,FALSE,TRUE,FALSE,TRUE
American White Pelican,Pelecanus erythrorhynchos,core,Brown,Flocking,FALSE,TRUE,FALSE,5,Ground,1,274,FALSE,FALSE,TRUE,0,0,2,0,0,0,0,FALSE,FALSE,2,FALSE,TRUE,FALSE,TRUE,FALSE,FALSE,TRUE,FALSE,FALSE,TRUE,FALSE,TRUE,FALSE,FALSE,TRUE,FALSE,FALSE,FALSE,FALSE,FALSE,FALSE,FALSE,TRUE,FALSE
American Woodcock,Scolopax minor,core,NA,NA,FALSE,FALSE,FALSE,9,Ground,2,46,TRUE,TRUE,FALSE,2,1,0,0,0,0,0,FALSE,FALSE,3,FALSE,TRUE,FALSE,FALSE,FALSE,TRUE,FALSE,TRUE,TRUE,TRUE,FALSE,FALSE,FALSE,FALSE,FALSE,FALSE,FALSE,FALSE,FALSE,FALSE,FALSE,FALSE,FALSE,FALSE
Anhinga,Anhinga anhinga,core,Brown,Hunting/Fishing,TRUE,FALSE,FALSE,6,Platform,2,114,FALSE,FALSE,TRUE,0,0,2,0,0,0,0,FALSE,FALSE,2,FALSE,FALSE,FALSE,FALSE,FALSE,FALSE,FALSE,FALSE,FALSE,FALSE,TRUE,TRUE,FALSE,FALSE,TRUE,FALSE,FALSE,FALSE,TRUE,FALSE,FALSE,FALSE,TRUE,FALSE
Anna's Hummingbird,Calypte anna,core,Brown,Food from Birdfeeder,FALSE,FALSE,FALSE,4,Bowl,2,13,TRUE,TRUE,TRUE,0,0,0,0,0,0,1,FALSE,FALSE,1,FALSE,FALSE,TRUE,FALSE,FALSE,TRUE,FALSE,FALSE,FALSE,FALSE,FALSE,FALSE,FALSE,FALSE,FALSE,FALSE,TRUE,TRUE,FALSE,FALSE,FALSE,FALSE,FALSE,TRUE
Ash-Throated Flycatcher,Myiarchus cinerascens,core,White,Egg-laying,FALSE,FALSE,FALSE,4,Cavity,4,30,FALSE,TRUE,FALSE,2,0,0,1,0,0,0,FALSE,FALSE,3,TRUE,FALSE,FALSE,TRUE,FALSE,FALSE,FALSE,FALSE,TRUE,FALSE,FALSE,FALSE,FALSE,FALSE,FALSE,TRUE,FALSE,TRUE,FALSE,TRUE,FALSE,TRUE,FALSE,FALSE
Atlantic Puffin,Fratercula arctica,core,White,Other,FALSE,FALSE,TRUE,8,Wild,1,53,FALSE,FALSE,TRUE,0,0,3,0,0,0,0,FALSE,FALSE,3,FALSE,TRUE,FALSE,FALSE,FALSE,FALSE,FALSE,FALSE,TRUE,TRUE,FALSE,TRUE,FALSE,FALSE,FALSE,TRUE,FALSE,FALSE,TRUE,FALSE,FALSE,FALSE,TRUE,TRUE
Audouin's Gull,Ichthyaetus audouinii,european,Brown,Flocking,FALSE,TRUE,FALSE,1,Ground,2,132,FALSE,FALSE,TRUE,0,0,1,0,0,0,1,FALSE,FALSE,2,FALSE,FALSE,TRUE,FALSE,TRUE,FALSE,TRUE,FALSE,FALSE,TRUE,FALSE,TRUE,FALSE,FALSE,TRUE,FALSE,TRUE,FALSE,FALSE,FALSE,FALSE,FALSE,TRUE,FALSE
Australasian Pipit,Anthus novaeseelandiae,oceania,Yellow,Flocking,FALSE,TRUE,FALSE,3,Ground,4,31,FALSE,TRUE,FALSE,1,1,0,0,0,0,0,FALSE,FALSE,1,FALSE,TRUE,FALSE,FALSE,TRUE,FALSE,TRUE,TRUE,FALSE,TRUE,FALSE,FALSE,FALSE,FALSE,FALSE,FALSE,FALSE,FALSE,FALSE,TRUE,FALSE,FALSE,FALSE,FALSE
Australasian Shoveler,Spatula rhynchotis,oceania,Brown,Egg-laying,FALSE,FALSE,FALSE,4,Ground,4,75,FALSE,FALSE,TRUE,1,1,0,0,0,0,0,FALSE,FALSE,1,FALSE,TRUE,FALSE,FALSE,FALSE,FALSE,FALSE,TRUE,FALSE,TRUE,FALSE,FALSE,FALSE,FALSE,TRUE,FALSE,FALSE,FALSE,FALSE,FALSE,FALSE,FALSE,TRUE,FALSE
Australian Ibis,Threskiornis moluccus,oceania,Brown,Card-drawing,FALSE,TRUE,FALSE,5,Platform,2,118,FALSE,TRUE,TRUE,1,0,1,0,0,0,1,FALSE,FALSE,1,FALSE,TRUE,FALSE,FALSE,FALSE,TRUE,TRUE,FALSE,TRUE,FALSE,FALSE,TRUE,FALSE,FALSE,TRUE,FALSE,TRUE,FALSE,TRUE,FALSE,FALSE,FALSE,FALSE,FALSE
Australian Magpie,Gymnorhina tibicen,oceania,Yellow,Food-related,FALSE,FALSE,FALSE,4,Platform,2,75,FALSE,TRUE,FALSE,1,0,0,0,2,0,0,FALSE,FALSE,2,FALSE,TRUE,FALSE,FALSE,FALSE,FALSE,FALSE,FALSE,TRUE,FALSE,FALSE,FALSE,FALSE,FALSE,TRUE,FALSE,FALSE,FALSE,TRUE,TRUE,TRUE,FALSE,FALSE,FALSE
Australian Owlet-Nightjar,Aegotheles cristatus,oceania,Pink,Food-related,FALSE,FALSE,FALSE,2,Cavity,2,28,TRUE,TRUE,TRUE,1,0,0,0,1,0,0,TRUE,FALSE,1,FALSE,TRUE,FALSE,FALSE,TRUE,TRUE,FALSE,FALSE,FALSE,FALSE,FALSE,FALSE,FALSE,FALSE,FALSE,TRUE,FALSE,TRUE,FALSE,FALSE,TRUE,FALSE,FALSE,FALSE
Australian Raven,Corvus coronoides,oceania,Yellow,Flocking,FALSE,FALSE,FALSE,7,Platform,3,100,TRUE,TRUE,TRUE,1,0,0,0,1,0,1,FALSE,FALSE,1,FALSE,TRUE,FALSE,FALSE,FALSE,TRUE,FALSE,FALSE,TRUE,FALSE,FALSE,FALSE,FALSE,FALSE,TRUE,FALSE,TRUE,FALSE,TRUE,FALSE,TRUE,FALSE,FALSE,FALSE
Australian Reed Warbler,Acrocephalus australis,oceania,White,NA,FALSE,FALSE,FALSE,2,Bowl,3,21,FALSE,FALSE,TRUE,1,0,0,0,0,0,0,FALSE,FALSE,0,FALSE,TRUE,FALSE,FALSE,TRUE,FALSE,FALSE,FALSE,FALSE,FALSE,FALSE,FALSE,TRUE,FALSE,FALSE,FALSE,FALSE,TRUE,FALSE,FALSE,FALSE,FALSE,TRUE,TRUE
Australian Shelduck,Tadorna tadornoides,oceania,Brown,Other,FALSE,FALSE,FALSE,3,Cavity,4,113,FALSE,FALSE,TRUE,1,1,0,0,0,0,0,FALSE,FALSE,1,FALSE,TRUE,FALSE,FALSE,TRUE,FALSE,FALSE,TRUE,FALSE,FALSE,FALSE,FALSE,FALSE,FALSE,TRUE,TRUE,FALSE,FALSE,FALSE,FALSE,FALSE,FALSE,TRUE,FALSE
Australian Zebra Finch,Taeniopygia castanotis,oceania,Brown,Other,FALSE,FALSE,FALSE,1,Wild,3,22,FALSE,TRUE,FALSE,0,1,0,0,0,0,0,FALSE,FALSE,1,FALSE,TRUE,FALSE,FALSE,TRUE,FALSE,FALSE,TRUE,FALSE,TRUE,FALSE,FALSE,FALSE,FALSE,FALSE,TRUE,FALSE,TRUE,TRUE,TRUE,FALSE,FALSE,FALSE,TRUE
Baird's Sparrow,Ammodramus bairdii,core,Brown,Egg-laying,FALSE,FALSE,FALSE,3,Ground,2,23,FALSE,TRUE,FALSE,1,1,0,0,0,0,0,FALSE,FALSE,2,FALSE,FALSE,TRUE,FALSE,TRUE,FALSE,FALSE,TRUE,FALSE,TRUE,FALSE,FALSE,FALSE,FALSE,FALSE,FALSE,FALSE,TRUE,FALSE,TRUE,FALSE,FALSE,FALSE,FALSE
Bald Eagle,Haliaeetus leucocephalus,core,White,Food from Birdfeeder,FALSE,FALSE,FALSE,9,Platform,1,203,FALSE,FALSE,TRUE,0,0,2,0,1,0,0,FALSE,FALSE,3,FALSE,FALSE,FALSE,FALSE,FALSE,FALSE,FALSE,FALSE,TRUE,FALSE,FALSE,TRUE,FALSE,FALSE,TRUE,FALSE,FALSE,FALSE,TRUE,FALSE,TRUE,FALSE,TRUE,FALSE
Baltimore Oriole,Icterus galbula,core,Brown,Food from Supply,FALSE,FALSE,FALSE,9,Wild,2,30,TRUE,FALSE,FALSE,1,0,0,2,0,0,0,FALSE,FALSE,3,FALSE,TRUE,FALSE,FALSE,FALSE,FALSE,FALSE,FALSE,TRUE,TRUE,FALSE,FALSE,FALSE,TRUE,FALSE,TRUE,FALSE,TRUE,TRUE,FALSE,FALSE,TRUE,FALSE,TRUE
Barn Owl,Tyto alba,core,Brown,Hunting/Fishing,TRUE,FALSE,FALSE,5,Cavity,4,107,TRUE,TRUE,TRUE,0,0,0,0,2,0,0,FALSE,FALSE,2,FALSE,FALSE,FALSE,FALSE,FALSE,TRUE,FALSE,FALSE,FALSE,FALSE,TRUE,FALSE,FALSE,FALSE,TRUE,TRUE,FALSE,FALSE,FALSE,FALSE,TRUE,FALSE,FALSE,FALSE
Barn Swallow,Hirundo rustica,core,Brown,Flocking,FALSE,TRUE,FALSE,1,Wild,3,38,FALSE,TRUE,TRUE,1,0,0,0,0,0,0,FALSE,FALSE,1,FALSE,FALSE,FALSE,FALSE,TRUE,TRUE,TRUE,FALSE,FALSE,TRUE,FALSE,FALSE,TRUE,FALSE,FALSE,TRUE,FALSE,FALSE,TRUE,FALSE,FALSE,FALSE,FALSE,TRUE
Barred Owl,Strix varia,core,Brown,Hunting/Fishing,TRUE,FALSE,FALSE,3,Cavity,2,107,TRUE,FALSE,FALSE,0,0,0,0,1,0,0,FALSE,FALSE,1,FALSE,FALSE,FALSE,FALSE,TRUE,FALSE,FALSE,FALSE,FALSE,FALSE,TRUE,FALSE,FALSE,TRUE,TRUE,TRUE,FALSE,FALSE,FALSE,FALSE,TRUE,FALSE,FALSE,FALSE
Barrow's Goldeneye,Bucephala islandica,core,Pink,Egg-laying,FALSE,FALSE,FALSE,5,Cavity,4,71,FALSE,FALSE,TRUE,1,1,1,0,0,0,0,FALSE,FALSE,3,TRUE,FALSE,TRUE,TRUE,FALSE,FALSE,FALSE,TRUE,TRUE,FALSE,FALSE,TRUE,FALSE,FALSE,TRUE,TRUE,FALSE,FALSE,FALSE,FALSE,FALSE,FALSE,TRUE,FALSE
Bell's Vireo,Vireo bellii,core,White,Other,FALSE,FALSE,TRUE,4,Wild,2,18,TRUE,TRUE,FALSE,2,0,0,0,0,0,0,FALSE,FALSE,2,FALSE,FALSE,TRUE,FALSE,FALSE,TRUE,FALSE,FALSE,FALSE,TRUE,FALSE,FALSE,TRUE,FALSE,FALSE,TRUE,FALSE,TRUE,TRUE,FALSE,FALSE,FALSE,FALSE,TRUE
Belted Kingfisher,Megaceryle alcyon,core,Pink,Food from Supply,FALSE,FALSE,FALSE,4,Wild,4,53,FALSE,FALSE,TRUE,0,0,1,0,0,0,1,FALSE,FALSE,2,FALSE,FALSE,FALSE,FALSE,FALSE,FALSE,FALSE,FALSE,FALSE,TRUE,FALSE,TRUE,FALSE,FALSE,FALSE,TRUE,TRUE,FALSE,TRUE,FALSE,FALSE,FALSE,TRUE,TRUE
Bewick's Wren,Thryomanes bewickii,core,Brown,Other,FALSE,FALSE,FALSE,4,Cavity,3,18,TRUE,TRUE,TRUE,2,1,0,0,0,0,0,FALSE,FALSE,3,FALSE,FALSE,TRUE,FALSE,FALSE,TRUE,FALSE,TRUE,TRUE,FALSE,FALSE,FALSE,FALSE,FALSE,FALSE,TRUE,FALSE,TRUE,FALSE,FALSE,FALSE,FALSE,FALSE,FALSE
Black Noddy,Anous minutus,oceania,Brown,Other,FALSE,TRUE,FALSE,9,Platform,1,69,FALSE,FALSE,TRUE,0,0,3,0,0,0,0,FALSE,FALSE,3,FALSE,FALSE,FALSE,TRUE,FALSE,FALSE,TRUE,FALSE,TRUE,FALSE,FALSE,TRUE,FALSE,FALSE,TRUE,FALSE,FALSE,FALSE,TRUE,FALSE,FALSE,FALSE,TRUE,FALSE
Black Redstart,Phoenicurus ochruros,european,Teal,Egg-laying,FALSE,FALSE,FALSE,0,Wild,4,24,FALSE,TRUE,FALSE,1,1,0,1,0,0,0,FALSE,FALSE,3,FALSE,FALSE,FALSE,TRUE,TRUE,FALSE,FALSE,TRUE,TRUE,TRUE,FALSE,FALSE,FALSE,FALSE,FALSE,TRUE,FALSE,TRUE,TRUE,TRUE,FALSE,TRUE,FALSE,TRUE
Black Skimmer,Rynchops niger,core,Brown,Hunting/Fishing,TRUE,FALSE,FALSE,6,Ground,2,112,FALSE,FALSE,TRUE,0,0,2,0,0,0,0,FALSE,FALSE,2,FALSE,FALSE,FALSE,TRUE,FALSE,FALSE,FALSE,FALSE,FALSE,TRUE,TRUE,TRUE,FALSE,FALSE,TRUE,FALSE,FALSE,FALSE,FALSE,FALSE,FALSE,FALSE,TRUE,FALSE
Black Swan,Cygnus atratus,oceania,Yellow,Other,FALSE,FALSE,FALSE,6,Ground,3,180,FALSE,FALSE,TRUE,0,1,0,0,0,0,2,FALSE,FALSE,1,FALSE,FALSE,FALSE,TRUE,FALSE,FALSE,FALSE,TRUE,TRUE,TRUE,FALSE,FALSE,FALSE,FALSE,TRUE,FALSE,TRUE,FALSE,FALSE,FALSE,FALSE,FALSE,TRUE,FALSE
Black Tern,Chlidonias niger,core,Brown,Card-drawing,FALSE,FALSE,FALSE,4,Wild,2,61,FALSE,FALSE,TRUE,1,0,1,0,0,0,0,TRUE,FALSE,1,FALSE,FALSE,FALSE,TRUE,FALSE,FALSE,FALSE,FALSE,FALSE,TRUE,FALSE,TRUE,FALSE,FALSE,FALSE,TRUE,FALSE,FALSE,TRUE,FALSE,FALSE,FALSE,TRUE,TRUE
Black Vulture,Coragyps atratus,core,Pink,Food from Birdfeeder,FALSE,FALSE,FALSE,2,Cavity,1,150,TRUE,FALSE,FALSE,0,0,0,0,0,0,0,FALSE,FALSE,0,FALSE,FALSE,FALSE,TRUE,TRUE,FALSE,FALSE,FALSE,FALSE,FALSE,FALSE,FALSE,FALSE,TRUE,TRUE,TRUE,FALSE,FALSE,FALSE,FALSE,FALSE,FALSE,FALSE,FALSE
Black Woodpecker,Dryocopus martius,european,Brown,Food-related,FALSE,FALSE,FALSE,4,Cavity,2,70,TRUE,FALSE,FALSE,2,0,0,1,0,0,0,FALSE,FALSE,3,FALSE,FALSE,FALSE,TRUE,FALSE,FALSE,FALSE,FALSE,TRUE,FALSE,FALSE,FALSE,FALSE,TRUE,TRUE,TRUE,FALSE,FALSE,FALSE,FALSE,FALSE,TRUE,FALSE,FALSE
Black-Bellied Whistling Duck,Dendrocygna autumnalis,core,Brown,Flocking,FALSE,TRUE,FALSE,2,Cavity,5,76,FALSE,FALSE,TRUE,0,2,0,0,0,0,0,FALSE,FALSE,2,TRUE,FALSE,FALSE,TRUE,TRUE,FALSE,TRUE,TRUE,FALSE,FALSE,FALSE,FALSE,FALSE,FALSE,TRUE,TRUE,FALSE,FALSE,FALSE,FALSE,FALSE,FALSE,TRUE,FALSE
Black-Billed Magpie,Pica hudsonia,core,Pink,Food from Birdfeeder,FALSE,FALSE,FALSE,3,Wild,3,64,FALSE,TRUE,FALSE,0,0,0,0,0,0,2,FALSE,FALSE,2,TRUE,FALSE,FALSE,TRUE,TRUE,FALSE,FALSE,FALSE,FALSE,TRUE,FALSE,FALSE,FALSE,FALSE,FALSE,TRUE,TRUE,FALSE,TRUE,TRUE,FALSE,FALSE,FALSE,TRUE
Black-Chinned Hummingbird,Archilochus alexandri,swiftstart,Brown,NA,FALSE,FALSE,FALSE,4,Bowl,2,8,TRUE,TRUE,TRUE,0,0,0,0,0,0,1,FALSE,FALSE,1,TRUE,FALSE,FALSE,TRUE,FALSE,TRUE,FALSE,FALSE,FALSE,FALSE,FALSE,FALSE,FALSE,FALSE,FALSE,FALSE,TRUE,TRUE,FALSE,FALSE,FALSE,FALSE,FALSE,TRUE
Black-Crowned Night-Heron,Nycticorax nycticorax,core,Brown,Food from Supply,FALSE,FALSE,FALSE,9,Platform,2,112,FALSE,FALSE,TRUE,1,0,1,0,1,0,0,FALSE,FALSE,3,TRUE,FALSE,FALSE,TRUE,FALSE,FALSE,FALSE,FALSE,TRUE,FALSE,FALSE,TRUE,FALSE,FALSE,TRUE,FALSE,FALSE,FALSE,TRUE,FALSE,TRUE,FALSE,TRUE,FALSE
Black-Headed Gull,Chroicocephalus ridibundus,european,Brown,Food-related,FALSE,FALSE,FALSE,3,Ground,2,102,FALSE,FALSE,TRUE,1,0,0,0,0,0,1,FALSE,FALSE,2,TRUE,FALSE,FALSE,TRUE,TRUE,FALSE,FALSE,FALSE,FALSE,TRUE,FALSE,FALSE,FALSE,FALSE,TRUE,FALSE,TRUE,FALSE,FALSE,FALSE,FALSE,FALSE,TRUE,FALSE
Black-Necked Stilt,Himantopus mexicanus,core,White,Card-drawing,FALSE,FALSE,FALSE,4,Ground,2,74,FALSE,FALSE,TRUE,2,0,0,0,0,0,0,FALSE,FALSE,2,TRUE,FALSE,FALSE,TRUE,FALSE,FALSE,FALSE,FALSE,FALSE,TRUE,FALSE,FALSE,TRUE,FALSE,TRUE,FALSE,FALSE,FALSE,FALSE,FALSE,FALSE,FALSE,TRUE,FALSE
Black-Shouldered Kite,Elanus axillaris,oceania,Brown,Food-related,TRUE,FALSE,FALSE,2,Platform,3,87,FALSE,TRUE,FALSE,0,0,0,0,2,0,0,FALSE,FALSE,2,TRUE,FALSE,FALSE,TRUE,TRUE,FALSE,FALSE,FALSE,FALSE,FALSE,TRUE,FALSE,FALSE,FALSE,TRUE,FALSE,FALSE,FALSE,TRUE,TRUE,TRUE,FALSE,FALSE,FALSE
Black-Tailed Godwit,Limosa limosa,european,White,Other,FALSE,FALSE,TRUE,6,Ground,2,76,FALSE,FALSE,TRUE,2,1,0,0,0,0,0,FALSE,FALSE,3,TRUE,FALSE,FALSE,TRUE,FALSE,FALSE,FALSE,TRUE,TRUE,TRUE,FALSE,FALSE,FALSE,FALSE,TRUE,FALSE,FALSE,FALSE,FALSE,FALSE,FALSE,FALSE,TRUE,FALSE
Black-Throated Diver,Gavia arctica,european,Brown,Card-drawing,FALSE,FALSE,FALSE,5,Ground,1,120,FALSE,FALSE,TRUE,0,0,2,0,0,0,0,FALSE,FALSE,2,TRUE,FALSE,FALSE,TRUE,FALSE,FALSE,FALSE,FALSE,FALSE,TRUE,FALSE,TRUE,FALSE,FALSE,TRUE,FALSE,FALSE,FALSE,FALSE,FALSE,FALSE,FALSE,TRUE,FALSE
Blue Grosbeak,Passerina caerulea,core,Brown,Other,FALSE,FALSE,FALSE,4,Bowl,3,28,TRUE,TRUE,TRUE,1,2,0,0,0,0,0,FALSE,FALSE,3,TRUE,FALSE,FALSE,TRUE,FALSE,TRUE,FALSE,TRUE,TRUE,FALSE,FALSE,FALSE,FALSE,FALSE,FALSE,FALSE,FALSE,TRUE,FALSE,FALSE,FALSE,FALSE,FALSE,TRUE
Blue Jay,Cyanocitta cristata,core,Brown,Caching Food,FALSE,FALSE,FALSE,3,Bowl,2,41,TRUE,FALSE,FALSE,0,1,0,0,0,0,1,FALSE,FALSE,2,FALSE,FALSE,FALSE,TRUE,TRUE,FALSE,FALSE,TRUE,FALSE,FALSE,FALSE,FALSE,FALSE,TRUE,FALSE,FALSE,TRUE,FALSE,FALSE,FALSE,FALSE,FALSE,FALSE,TRUE
Blue-Gray Gnatcatcher,Polioptila caerulea,core,Brown,Food from Supply,FALSE,FALSE,FALSE,1,Bowl,3,15,TRUE,FALSE,FALSE,1,0,0,0,0,0,0,FALSE,FALSE,1,FALSE,FALSE,FALSE,TRUE,TRUE,FALSE,FALSE,FALSE,FALSE,FALSE,FALSE,FALSE,TRUE,TRUE,FALSE,FALSE,FALSE,TRUE,FALSE,FALSE,FALSE,FALSE,FALSE,TRUE
Blue-Winged Warbler,Vermivora cyanoptera,core,NA,NA,FALSE,FALSE,FALSE,8,Bowl,2,20,TRUE,TRUE,FALSE,2,0,0,0,0,0,0,FALSE,FALSE,2,TRUE,FALSE,FALSE,TRUE,FALSE,TRUE,FALSE,FALSE,FALSE,FALSE,FALSE,FALSE,TRUE,FALSE,FALSE,FALSE,FALSE,TRUE,FALSE,FALSE,FALSE,FALSE,FALSE,TRUE
Bluethroat,Luscinia svecica,european,Brown,Food-related,FALSE,FALSE,FALSE,7,Ground,5,22,FALSE,TRUE,TRUE,1,1,0,1,0,0,0,FALSE,FALSE,3,TRUE,FALSE,FALSE,TRUE,FALSE,TRUE,FALSE,TRUE,TRUE,TRUE,FALSE,FALSE,FALSE,FALSE,FALSE,FALSE,FALSE,TRUE,FALSE,FALSE,FALSE,TRUE,FALSE,FALSE
Blyth's Hornbill,Rhyticeros plicatus,oceania,White,NA,FALSE,TRUE,FALSE,7,Cavity,2,150,TRUE,FALSE,FALSE,0,0,0,3,0,0,0,FALSE,FALSE,3,TRUE,FALSE,FALSE,FALSE,FALSE,FALSE,TRUE,FALSE,TRUE,FALSE,FALSE,FALSE,FALSE,TRUE,TRUE,TRUE,FALSE,FALSE,FALSE,FALSE,FALSE,TRUE,FALSE,FALSE
Bobolink,Dolichonyx oryzivorus,core,White,Egg-laying,FALSE,FALSE,FALSE,4,Ground,3,30,FALSE,TRUE,FALSE,1,2,0,0,0,0,0,FALSE,FALSE,3,FALSE,FALSE,FALSE,FALSE,FALSE,FALSE,FALSE,TRUE,TRUE,TRUE,FALSE,FALSE,FALSE,FALSE,FALSE,FALSE,FALSE,TRUE,FALSE,TRUE,FALSE,FALSE,FALSE,FALSE
Bonelli's Eagle,Aquila fasciata,european,White,Hunting and Fishing,TRUE,FALSE,FALSE,8,Platform,1,160,TRUE,TRUE,TRUE,0,0,0,0,3,0,0,FALSE,TRUE,3,FALSE,FALSE,TRUE,FALSE,FALSE,TRUE,FALSE,FALSE,TRUE,FALSE,TRUE,FALSE,FALSE,FALSE,TRUE,FALSE,FALSE,FALSE,TRUE,FALSE,TRUE,FALSE,FALSE,FALSE
Brant,Branta bernicla,swiftstart,White,NA,FALSE,FALSE,FALSE,3,Ground,2,114,FALSE,FALSE,TRUE,0,1,0,0,0,0,1,FALSE,FALSE,2,FALSE,FALSE,FALSE,FALSE,TRUE,FALSE,FALSE,TRUE,FALSE,TRUE,FALSE,FALSE,FALSE,FALSE,TRUE,FALSE,TRUE,FALSE,FALSE,FALSE,FALSE,FALSE,TRUE,FALSE
Brewer's Blackbird,Euphagus cyanocephalus,core,Brown,Flocking,FALSE,TRUE,FALSE,3,Bowl,3,41,FALSE,TRUE,FALSE,0,1,0,0,0,0,1,FALSE,FALSE,2,FALSE,FALSE,TRUE,TRUE,TRUE,FALSE,TRUE,TRUE,FALSE,FALSE,FALSE,FALSE,FALSE,FALSE,FALSE,FALSE,TRUE,FALSE,FALSE,TRUE,FALSE,FALSE,FALSE,TRUE
Broad-Winged Hawk,Buteo platypterus,swiftstart,Brown,NA,TRUE,FALSE,FALSE,4,Platform,2,85,TRUE,FALSE,FALSE,0,0,0,0,1,0,0,FALSE,FALSE,1,TRUE,FALSE,FALSE,FALSE,FALSE,FALSE,FALSE,FALSE,FALSE,FALSE,TRUE,FALSE,FALSE,TRUE,TRUE,FALSE,FALSE,FALSE,TRUE,FALSE,TRUE,FALSE,FALSE,FALSE
Brolga,Antigone rubicunda,oceania,Brown,Other,FALSE,FALSE,FALSE,6,Ground,2,215,FALSE,FALSE,TRUE,1,1,0,0,0,0,1,FALSE,FALSE,1,FALSE,FALSE,FALSE,FALSE,FALSE,FALSE,FALSE,TRUE,TRUE,TRUE,FALSE,FALSE,FALSE,FALSE,TRUE,FALSE,TRUE,FALSE,FALSE,FALSE,FALSE,FALSE,TRUE,FALSE
Bronzed Cowbird,Molothrus aeneus,core,Pink,Egg-laying,FALSE,FALSE,FALSE,5,NA,0,36,FALSE,TRUE,FALSE,1,1,0,0,0,0,0,FALSE,FALSE,2,FALSE,FALSE,FALSE,TRUE,FALSE,FALSE,FALSE,TRUE,FALSE,FALSE,FALSE,FALSE,FALSE,FALSE,FALSE,FALSE,FALSE,FALSE,FALSE,TRUE,FALSE,FALSE,FALSE,FALSE
Brown Falcon,Falco berigora,oceania,Brown,Hunting and Fishing,TRUE,FALSE,FALSE,5,Platform,2,102,TRUE,TRUE,TRUE,1,0,0,0,1,0,0,FALSE,FALSE,1,FALSE,FALSE,FALSE,TRUE,FALSE,TRUE,FALSE,FALSE,FALSE,FALSE,TRUE,FALSE,FALSE,FALSE,TRUE,FALSE,FALSE,FALSE,TRUE,FALSE,TRUE,FALSE,FALSE,FALSE
Brown Pelican,Pelecanus occidentalis,core,White,Food from Supply,FALSE,FALSE,FALSE,4,Platform,2,201,FALSE,FALSE,TRUE,0,0,2,0,0,0,0,FALSE,FALSE,2,FALSE,FALSE,FALSE,TRUE,FALSE,FALSE,FALSE,FALSE,FALSE,FALSE,FALSE,TRUE,FALSE,FALSE,TRUE,FALSE,FALSE,FALSE,TRUE,FALSE,FALSE,FALSE,TRUE,FALSE
Brown-Headed Cowbird,Molothrus ater,core,Pink,Egg-laying,FALSE,FALSE,FALSE,3,NA,0,30,FALSE,TRUE,FALSE,0,1,0,0,0,0,0,FALSE,FALSE,1,TRUE,FALSE,FALSE,TRUE,TRUE,FALSE,FALSE,TRUE,FALSE,FALSE,FALSE,FALSE,FALSE,FALSE,FALSE,FALSE,FALSE,TRUE,FALSE,TRUE,FALSE,FALSE,FALSE,FALSE
Budgerigar,Melopsittacus undulatus,oceania,Brown,Card-drawing,FALSE,TRUE,FALSE,0,Cavity,3,30,TRUE,TRUE,TRUE,0,1,0,0,0,0,0,FALSE,FALSE,1,FALSE,FALSE,FALSE,FALSE,TRUE,TRUE,TRUE,TRUE,FALSE,FALSE,FALSE,FALSE,FALSE,FALSE,FALSE,TRUE,FALSE,TRUE,FALSE,FALSE,FALSE,FALSE,FALSE,FALSE
Bullfinch,Pyrrhula pyrrhula,european,Brown,Food-related,FALSE,FALSE,FALSE,3,Bowl,4,24,TRUE,FALSE,FALSE,0,1,0,1,0,0,0,FALSE,FALSE,2,FALSE,FALSE,FALSE,FALSE,TRUE,FALSE,FALSE,TRUE,FALSE,FALSE,FALSE,FALSE,FALSE,TRUE,FALSE,FALSE,FALSE,TRUE,FALSE,FALSE,FALSE,TRUE,FALSE,TRUE
Burrowing Owl,Athene cunicularia,core,Brown,Hunting/Fishing,TRUE,FALSE,FALSE,5,Wild,4,53,FALSE,TRUE,FALSE,1,0,0,0,1,0,0,FALSE,FALSE,2,FALSE,FALSE,FALSE,FALSE,FALSE,FALSE,FALSE,FALSE,FALSE,TRUE,TRUE,FALSE,FALSE,FALSE,FALSE,TRUE,FALSE,FALSE,TRUE,TRUE,TRUE,FALSE,FALSE,TRUE
Bushtit,Psaltriparus minimus,core,Brown,Flocking,FALSE,TRUE,FALSE,2,Wild,5,15,TRUE,TRUE,TRUE,1,1,0,0,0,0,0,FALSE,FALSE,2,FALSE,FALSE,FALSE,FALSE,TRUE,TRUE,TRUE,TRUE,FALSE,TRUE,FALSE,FALSE,FALSE,FALSE,FALSE,TRUE,FALSE,TRUE,TRUE,FALSE,FALSE,FALSE,FALSE,TRUE
California Condor,Gymnogyps californianus,core,White,Other,FALSE,FALSE,TRUE,1,Ground,1,277,TRUE,TRUE,TRUE,0,0,0,0,0,0,0,FALSE,FALSE,0,FALSE,TRUE,FALSE,FALSE,TRUE,TRUE,FALSE,FALSE,FALSE,TRUE,FALSE,FALSE,FALSE,FALSE,TRUE,FALSE,FALSE,FALSE,FALSE,FALSE,FALSE,FALSE,FALSE,FALSE
California Quail,Callipepla californica,core,Brown,Egg-laying,FALSE,FALSE,FALSE,3,Ground,6,36,TRUE,TRUE,FALSE,1,2,0,0,0,0,0,FALSE,FALSE,3,FALSE,TRUE,FALSE,FALSE,TRUE,TRUE,FALSE,TRUE,TRUE,TRUE,FALSE,FALSE,FALSE,FALSE,FALSE,FALSE,FALSE,FALSE,FALSE,FALSE,FALSE,FALSE,FALSE,FALSE
Canada Goose,Branta canadensis,core,Brown,Flocking,FALSE,TRUE,FALSE,3,Ground,3,132,FALSE,TRUE,TRUE,0,2,0,0,0,0,0,FALSE,FALSE,2,FALSE,TRUE,FALSE,FALSE,TRUE,TRUE,TRUE,TRUE,FALSE,TRUE,FALSE,FALSE,FALSE,FALSE,TRUE,FALSE,FALSE,FALSE,FALSE,FALSE,FALSE,FALSE,FALSE,FALSE
Canvasback,Aythya valisineria,swiftstart,Brown,NA,FALSE,FALSE,FALSE,4,Wild,4,82,FALSE,FALSE,TRUE,0,1,0,0,0,0,1,FALSE,FALSE,2,TRUE,FALSE,FALSE,FALSE,FALSE,FALSE,FALSE,TRUE,FALSE,TRUE,FALSE,FALSE,FALSE,FALSE,TRUE,TRUE,TRUE,FALSE,TRUE,FALSE,FALSE,FALSE,TRUE,TRUE
Carolina Chickadee,Poecile carolinensis,core,Brown,Caching Food,FALSE,FALSE,FALSE,2,Cavity,3,20,TRUE,FALSE,FALSE,1,1,0,0,0,0,0,TRUE,FALSE,1,FALSE,TRUE,FALSE,FALSE,TRUE,FALSE,FALSE,TRUE,FALSE,FALSE,FALSE,FALSE,FALSE,TRUE,FALSE,TRUE,FALSE,TRUE,FALSE,FALSE,FALSE,FALSE,FALSE,FALSE
Carolina Wren,Thryothorus ludovicianus,core,White,Card-drawing,FALSE,FALSE,FALSE,1,Cavity,5,20,TRUE,FALSE,FALSE,1,0,0,1,0,0,0,TRUE,FALSE,1,FALSE,TRUE,FALSE,FALSE,TRUE,FALSE,FALSE,FALSE,FALSE,FALSE,FALSE,FALSE,FALSE,TRUE,FALSE,TRUE,FALSE,TRUE,FALSE,FALSE,FALSE,TRUE,FALSE,FALSE
Carrion Crow,Corvus corone,european,Teal,Food-related,FALSE,FALSE,FALSE,3,Platform,2,92,FALSE,TRUE,TRUE,1,0,0,0,0,0,1,FALSE,FALSE,2,FALSE,FALSE,FALSE,FALSE,TRUE,TRUE,FALSE,FALSE,FALSE,FALSE,FALSE,FALSE,FALSE,FALSE,TRUE,FALSE,TRUE,FALSE,TRUE,FALSE,FALSE,FALSE,FALSE,FALSE
Cassin's Finch,Haemorhous cassinii,core,White,Other,FALSE,FALSE,TRUE,4,Bowl,3,30,TRUE,FALSE,FALSE,0,1,0,1,0,0,0,FALSE,FALSE,2,FALSE,FALSE,TRUE,FALSE,FALSE,FALSE,FALSE,TRUE,FALSE,FALSE,FALSE,FALSE,FALSE,TRUE,FALSE,FALSE,FALSE,TRUE,FALSE,FALSE,FALSE,TRUE,FALSE,TRUE
Cassin's Sparrow,Peucaea cassinii,core,Brown,Egg-laying,FALSE,FALSE,FALSE,3,Ground,2,20,FALSE,TRUE,FALSE,1,1,0,0,0,0,0,FALSE,FALSE,2,FALSE,FALSE,TRUE,FALSE,TRUE,FALSE,FALSE,TRUE,FALSE,TRUE,FALSE,FALSE,FALSE,FALSE,FALSE,FALSE,FALSE,TRUE,FALSE,TRUE,FALSE,FALSE,FALSE,FALSE
Cedar Waxwing,Bombycilla cedrorum,core,Brown,Flocking,FALSE,TRUE,FALSE,3,Bowl,3,25,TRUE,TRUE,FALSE,0,0,0,2,0,0,0,FALSE,FALSE,2,TRUE,FALSE,FALSE,FALSE,TRUE,TRUE,TRUE,FALSE,FALSE,FALSE,FALSE,FALSE,FALSE,FALSE,FALSE,FALSE,FALSE,TRUE,FALSE,FALSE,FALSE,TRUE,FALSE,TRUE
Cerulean Warbler,Setophaga cerulea,core,White,Other,FALSE,FALSE,TRUE,4,Bowl,2,20,TRUE,FALSE,FALSE,1,1,0,0,0,0,0,FALSE,FALSE,2,FALSE,FALSE,FALSE,TRUE,FALSE,FALSE,FALSE,TRUE,FALSE,FALSE,FALSE,FALSE,FALSE,TRUE,FALSE,FALSE,FALSE,TRUE,FALSE,FALSE,FALSE,FALSE,FALSE,TRUE
Cetti's Warbler,Cettia cetti,european,Teal,Other,FALSE,FALSE,FALSE,4,Bowl,3,17,FALSE,FALSE,TRUE,1,1,0,0,0,0,0,FALSE,FALSE,2,FALSE,FALSE,TRUE,FALSE,FALSE,FALSE,FALSE,TRUE,FALSE,FALSE,FALSE,FALSE,FALSE,FALSE,FALSE,FALSE,FALSE,TRUE,FALSE,FALSE,FALSE,FALSE,TRUE,TRUE
Chestnut-Collared Longspur,Calcarius ornatus,core,White,Other,FALSE,FALSE,TRUE,5,Ground,4,25,FALSE,TRUE,FALSE,1,2,0,0,0,0,0,FALSE,FALSE,3,TRUE,FALSE,FALSE,TRUE,FALSE,FALSE,FALSE,TRUE,TRUE,TRUE,FALSE,FALSE,FALSE,FALSE,FALSE,FALSE,FALSE,TRUE,FALSE,TRUE,FALSE,FALSE,FALSE,FALSE
Chihuahuan Raven,Corvus cryptoleucus,core,Brown,Food from Supply,FALSE,FALSE,FALSE,4,Platform,3,112,FALSE,TRUE,FALSE,0,0,0,0,1,0,2,FALSE,FALSE,3,FALSE,TRUE,FALSE,FALSE,FALSE,FALSE,FALSE,FALSE,TRUE,FALSE,FALSE,FALSE,FALSE,FALSE,TRUE,FALSE,TRUE,FALSE,TRUE,TRUE,TRUE,FALSE,FALSE,FALSE
Chimney Swift,Chaetura pelagica,core,Brown,Other,FALSE,FALSE,FALSE,3,Wild,2,36,TRUE,TRUE,TRUE,2,0,0,0,0,0,0,FALSE,FALSE,2,FALSE,FALSE,FALSE,FALSE,TRUE,TRUE,FALSE,FALSE,FALSE,TRUE,FALSE,FALSE,TRUE,FALSE,FALSE,TRUE,FALSE,FALSE,TRUE,FALSE,FALSE,FALSE,FALSE,TRUE
Chipping Sparrow,Spizella passerina,core,Brown,Egg-laying,FALSE,FALSE,FALSE,1,Bowl,3,23,TRUE,TRUE,FALSE,1,1,0,0,0,0,0,TRUE,FALSE,1,FALSE,FALSE,FALSE,FALSE,TRUE,TRUE,FALSE,TRUE,FALSE,FALSE,FALSE,FALSE,FALSE,FALSE,FALSE,FALSE,FALSE,TRUE,FALSE,FALSE,FALSE,FALSE,FALSE,TRUE
Clark's Grebe,Aechmophorus clarkii,core,Brown,Card-drawing,FALSE,FALSE,FALSE,5,Wild,2,61,FALSE,FALSE,TRUE,0,0,1,0,0,0,0,FALSE,FALSE,1,FALSE,FALSE,TRUE,FALSE,FALSE,FALSE,FALSE,FALSE,FALSE,TRUE,FALSE,TRUE,FALSE,FALSE,FALSE,TRUE,FALSE,FALSE,TRUE,FALSE,FALSE,FALSE,TRUE,TRUE
Clark's Nutcracker,Nucifraga columbiana,core,Brown,Caching Food,FALSE,FALSE,FALSE,5,Platform,2,61,TRUE,FALSE,FALSE,0,2,0,0,0,0,1,FALSE,FALSE,3,FALSE,FALSE,TRUE,FALSE,FALSE,FALSE,FALSE,TRUE,TRUE,FALSE,FALSE,FALSE,FALSE,TRUE,FALSE,FALSE,TRUE,FALSE,TRUE,FALSE,FALSE,FALSE,FALSE,FALSE
Coal Tit,Periparus ater,european,Brown,Food-related,FALSE,FALSE,FALSE,2,Cavity,6,16,TRUE,FALSE,FALSE,1,1,0,0,0,0,0,FALSE,FALSE,2,FALSE,FALSE,FALSE,TRUE,TRUE,FALSE,FALSE,TRUE,FALSE,FALSE,FALSE,FALSE,FALSE,TRUE,FALSE,TRUE,FALSE,TRUE,FALSE,FALSE,FALSE,FALSE,FALSE,FALSE
Cockatiel,Nymphicus hollandicus,oceania,Brown,Hunting and Fishing,FALSE,TRUE,FALSE,2,Cavity,5,32,TRUE,TRUE,TRUE,0,1,0,0,0,0,0,FALSE,FALSE,1,FALSE,FALSE,FALSE,FALSE,TRUE,TRUE,TRUE,TRUE,FALSE,FALSE,FALSE,FALSE,FALSE,FALSE,FALSE,TRUE,FALSE,FALSE,FALSE,FALSE,FALSE,FALSE,FALSE,FALSE
Common Blackbird,Turdus merula,european,White,Other,FALSE,FALSE,FALSE,4,Bowl,5,36,TRUE,FALSE,FALSE,1,0,0,2,0,0,0,FALSE,FALSE,3,FALSE,FALSE,FALSE,TRUE,FALSE,FALSE,FALSE,FALSE,TRUE,FALSE,FALSE,FALSE,FALSE,TRUE,FALSE,FALSE,FALSE,FALSE,FALSE,FALSE,FALSE,TRUE,FALSE,TRUE
Common Buzzard,Buteo buteo,european,White,Hunting and fishing,TRUE,FALSE,FALSE,4,Platform,2,123,TRUE,TRUE,TRUE,0,0,0,0,1,0,0,FALSE,TRUE,1,FALSE,FALSE,FALSE,FALSE,FALSE,TRUE,FALSE,FALSE,FALSE,FALSE,TRUE,FALSE,FALSE,FALSE,TRUE,FALSE,FALSE,FALSE,TRUE,FALSE,TRUE,FALSE,FALSE,FALSE
Common Chaffinch,Fringilla coelebs,european,Brown,Flocking,FALSE,TRUE,FALSE,4,Bowl,2,23,TRUE,TRUE,FALSE,1,1,0,0,0,0,0,TRUE,FALSE,1,FALSE,FALSE,FALSE,FALSE,FALSE,TRUE,TRUE,TRUE,FALSE,FALSE,FALSE,FALSE,FALSE,FALSE,FALSE,FALSE,FALSE,TRUE,FALSE,FALSE,FALSE,FALSE,FALSE,TRUE
Common Chiffchaff,Phylloscopus collybita,european,Brown,Flocking,FALSE,TRUE,FALSE,3,Ground,3,20,TRUE,FALSE,TRUE,1,1,0,1,0,0,0,TRUE,FALSE,1,FALSE,FALSE,FALSE,FALSE,TRUE,TRUE,TRUE,TRUE,FALSE,TRUE,FALSE,FALSE,FALSE,FALSE,FALSE,FALSE,FALSE,TRUE,FALSE,FALSE,FALSE,TRUE,FALSE,FALSE
Common Cuckoo,Cuculus canorus,european,Pink,Egg-laying,FALSE,FALSE,FALSE,4,NA,0,57,TRUE,TRUE,FALSE,2,0,0,0,0,0,0,FALSE,FALSE,2,FALSE,FALSE,FALSE,FALSE,FALSE,TRUE,FALSE,FALSE,FALSE,FALSE,FALSE,FALSE,TRUE,FALSE,FALSE,FALSE,FALSE,FALSE,FALSE,FALSE,FALSE,FALSE,FALSE,FALSE
Common Goldeneye,Bucephala clangula,european,Teal,Egg-laying,FALSE,FALSE,FALSE,2,Cavity,4,73,TRUE,FALSE,TRUE,1,0,1,0,0,0,0,FALSE,FALSE,2,TRUE,FALSE,FALSE,TRUE,TRUE,TRUE,FALSE,FALSE,FALSE,FALSE,FALSE,TRUE,FALSE,FALSE,TRUE,TRUE,FALSE,FALSE,FALSE,FALSE,FALSE,FALSE,FALSE,FALSE
Common Grackle,Quiscalus quiscula,core,Brown,Flocking,FALSE,TRUE,FALSE,3,Bowl,3,43,TRUE,TRUE,TRUE,0,1,0,0,0,0,1,FALSE,FALSE,2,FALSE,FALSE,FALSE,FALSE,TRUE,TRUE,TRUE,TRUE,FALSE,FALSE,FALSE,FALSE,FALSE,FALSE,FALSE,FALSE,TRUE,FALSE,FALSE,FALSE,FALSE,FALSE,FALSE,TRUE
Common Kingfisher,Alcedo atthis,european,Brown,Food-related,FALSE,FALSE,FALSE,4,Wild,5,26,FALSE,FALSE,TRUE,1,0,2,0,0,0,0,FALSE,FALSE,3,FALSE,FALSE,FALSE,FALSE,FALSE,FALSE,FALSE,FALSE,TRUE,TRUE,FALSE,TRUE,FALSE,FALSE,FALSE,TRUE,FALSE,TRUE,TRUE,FALSE,FALSE,FALSE,TRUE,TRUE
Common Little Bittern,Ixobrychus minutus,european,Brown,Card-drawing,FALSE,FALSE,FALSE,2,Platform,3,49,FALSE,FALSE,TRUE,1,0,1,0,0,0,0,FALSE,FALSE,2,FALSE,FALSE,FALSE,FALSE,TRUE,FALSE,FALSE,FALSE,FALSE,FALSE,FALSE,TRUE,FALSE,FALSE,FALSE,FALSE,FALSE,FALSE,TRUE,FALSE,FALSE,FALSE,TRUE,FALSE
Common Loon,Gavia immer,core,Brown,Card-drawing,FALSE,FALSE,FALSE,6,Ground,1,117,FALSE,FALSE,TRUE,0,0,1,0,0,0,1,FALSE,FALSE,2,FALSE,FALSE,FALSE,FALSE,FALSE,FALSE,FALSE,FALSE,FALSE,TRUE,FALSE,TRUE,FALSE,FALSE,TRUE,FALSE,TRUE,FALSE,FALSE,FALSE,FALSE,FALSE,TRUE,FALSE
Common Merganser,Mergus merganser,core,Brown,Hunting/Fishing,TRUE,FALSE,FALSE,5,Cavity,4,86,FALSE,FALSE,TRUE,0,0,1,0,0,0,1,FALSE,FALSE,2,FALSE,FALSE,FALSE,FALSE,FALSE,FALSE,FALSE,FALSE,FALSE,FALSE,TRUE,TRUE,FALSE,FALSE,TRUE,TRUE,TRUE,FALSE,FALSE,FALSE,FALSE,FALSE,TRUE,FALSE
Common Moorhen,Gallinula chloropus,european,Brown,Other,FALSE,FALSE,FALSE,3,Wild,6,53,FALSE,FALSE,TRUE,1,1,1,0,0,0,0,FALSE,FALSE,3,FALSE,TRUE,FALSE,FALSE,TRUE,FALSE,FALSE,TRUE,TRUE,TRUE,FALSE,TRUE,FALSE,FALSE,FALSE,TRUE,FALSE,FALSE,TRUE,FALSE,FALSE,FALSE,TRUE,TRUE
Common Nighthawk,Chordeiles minor,core,Brown,Other,FALSE,FALSE,FALSE,3,Ground,2,56,TRUE,TRUE,TRUE,2,0,0,0,0,0,0,FALSE,FALSE,2,FALSE,FALSE,FALSE,FALSE,TRUE,TRUE,FALSE,FALSE,FALSE,TRUE,FALSE,FALSE,TRUE,FALSE,FALSE,FALSE,FALSE,FALSE,FALSE,FALSE,FALSE,FALSE,FALSE,FALSE
Common Nightingale,Luscinia megarhynchos,european,Brown,Food-related,FALSE,FALSE,FALSE,3,Bowl,4,23,TRUE,TRUE,TRUE,1,1,0,1,0,0,0,TRUE,FALSE,1,FALSE,FALSE,FALSE,FALSE,TRUE,TRUE,FALSE,TRUE,FALSE,FALSE,FALSE,FALSE,FALSE,FALSE,FALSE,FALSE,FALSE,TRUE,FALSE,FALSE,FALSE,TRUE,FALSE,TRUE
Common Raven,Corvus corax,core,Brown,Food from Supply,FALSE,FALSE,FALSE,5,Platform,2,135,TRUE,TRUE,TRUE,0,0,0,0,1,0,2,FALSE,FALSE,3,FALSE,FALSE,FALSE,FALSE,FALSE,TRUE,FALSE,FALSE,TRUE,FALSE,FALSE,FALSE,FALSE,FALSE,TRUE,FALSE,TRUE,FALSE,TRUE,FALSE,TRUE,FALSE,FALSE,FALSE
Common Starling,Sturnus vulgaris,european,Teal,Flocking,FALSE,TRUE,FALSE,3,Cavity,4,38,FALSE,TRUE,TRUE,1,1,0,1,0,0,0,TRUE,FALSE,1,FALSE,FALSE,FALSE,FALSE,TRUE,TRUE,TRUE,TRUE,FALSE,FALSE,FALSE,FALSE,FALSE,FALSE,FALSE,TRUE,FALSE,FALSE,FALSE,FALSE,FALSE,TRUE,FALSE,FALSE
Common Swift,Apus apus,european,Teal,Flocking,FALSE,TRUE,FALSE,5,Cavity,2,46,FALSE,TRUE,FALSE,1,0,0,0,0,0,0,FALSE,FALSE,1,FALSE,FALSE,FALSE,FALSE,FALSE,FALSE,TRUE,FALSE,FALSE,FALSE,FALSE,FALSE,TRUE,FALSE,FALSE,TRUE,FALSE,FALSE,FALSE,TRUE,FALSE,FALSE,FALSE,FALSE
Common Yellowthroat,Geothlypis trichas,core,Brown,Card-drawing,FALSE,FALSE,FALSE,1,Bowl,4,18,FALSE,FALSE,TRUE,1,0,0,0,0,0,0,FALSE,FALSE,1,TRUE,FALSE,FALSE,TRUE,TRUE,FALSE,FALSE,FALSE,FALSE,FALSE,FALSE,FALSE,TRUE,FALSE,FALSE,FALSE,FALSE,TRUE,FALSE,FALSE,FALSE,FALSE,TRUE,TRUE
Cooper's Hawk,Accipiter cooperii,core,Brown,Hunting/Fishing,TRUE,FALSE,FALSE,3,Platform,2,79,TRUE,FALSE,FALSE,0,0,0,0,1,0,0,FALSE,FALSE,1,FALSE,FALSE,TRUE,FALSE,TRUE,FALSE,FALSE,FALSE,FALSE,FALSE,TRUE,FALSE,FALSE,TRUE,TRUE,FALSE,FALSE,FALSE,TRUE,FALSE,TRUE,FALSE,FALSE,FALSE
Corsican Nuthatch,Sitta whiteheadi,european,White,Other,FALSE,FALSE,TRUE,4,Cavity,2,21,TRUE,FALSE,FALSE,0,2,0,0,0,0,0,FALSE,FALSE,2,FALSE,TRUE,FALSE,FALSE,FALSE,FALSE,FALSE,TRUE,FALSE,FALSE,FALSE,FALSE,FALSE,TRUE,FALSE,TRUE,FALSE,TRUE,FALSE,FALSE,FALSE,FALSE,FALSE,FALSE
Count Raggi's Bird-of-Paradise,Paradisaea raggiana,oceania,Brown,Egg-laying,FALSE,FALSE,FALSE,7,Bowl,2,22,TRUE,FALSE,FALSE,1,0,0,2,0,0,0,FALSE,FALSE,2,FALSE,FALSE,FALSE,FALSE,FALSE,FALSE,FALSE,FALSE,TRUE,FALSE,FALSE,FALSE,FALSE,TRUE,FALSE,FALSE,FALSE,TRUE,FALSE,FALSE,FALSE,TRUE,FALSE,TRUE
Crested Pigeon,Ocyphaps lophotes,oceania,Yellow,Egg-laying,FALSE,FALSE,FALSE,3,Platform,4,45,FALSE,TRUE,FALSE,0,1,0,0,0,0,0,FALSE,FALSE,1,TRUE,FALSE,FALSE,FALSE,TRUE,FALSE,FALSE,TRUE,FALSE,FALSE,FALSE,FALSE,FALSE,FALSE,FALSE,FALSE,FALSE,FALSE,TRUE,TRUE,FALSE,FALSE,FALSE,FALSE
Crimson Chat,Epthianura tricolor,oceania,Brown,Food-related,FALSE,TRUE,FALSE,4,Bowl,2,19,FALSE,TRUE,FALSE,1,1,0,1,0,0,0,TRUE,FALSE,2,FALSE,FALSE,FALSE,TRUE,FALSE,FALSE,TRUE,TRUE,FALSE,FALSE,FALSE,FALSE,FALSE,FALSE,FALSE,FALSE,FALSE,TRUE,FALSE,TRUE,FALSE,TRUE,FALSE,TRUE
Dark-Eyed Junco,Junco hyemalis,core,Brown,Flocking,FALSE,TRUE,FALSE,3,Ground,3,23,TRUE,TRUE,FALSE,1,1,0,0,0,0,0,FALSE,FALSE,2,TRUE,FALSE,FALSE,FALSE,TRUE,TRUE,TRUE,TRUE,FALSE,TRUE,FALSE,FALSE,FALSE,FALSE,FALSE,FALSE,FALSE,TRUE,FALSE,FALSE,FALSE,FALSE,FALSE,FALSE
Dickcissel,Spiza americana,core,Brown,Flocking,FALSE,TRUE,FALSE,4,Ground,3,25,FALSE,TRUE,FALSE,1,2,0,0,0,0,0,FALSE,FALSE,3,FALSE,FALSE,FALSE,FALSE,FALSE,FALSE,TRUE,TRUE,TRUE,TRUE,FALSE,FALSE,FALSE,FALSE,FALSE,FALSE,FALSE,TRUE,FALSE,TRUE,FALSE,FALSE,FALSE,FALSE
Double-Crested Cormorant,Phalacrocorax auritus,core,Brown,Flocking,FALSE,TRUE,FALSE,3,Platform,3,132,FALSE,FALSE,TRUE,0,0,1,0,0,0,1,FALSE,FALSE,2,TRUE,FALSE,FALSE,FALSE,TRUE,FALSE,TRUE,FALSE,FALSE,FALSE,FALSE,TRUE,FALSE,FALSE,TRUE,FALSE,TRUE,FALSE,TRUE,FALSE,FALSE,FALSE,TRUE,FALSE
Downy Woodpecker,Picoides pubescens,core,White,Other,FALSE,FALSE,FALSE,3,Cavity,2,30,TRUE,FALSE,FALSE,1,1,0,1,0,0,0,TRUE,FALSE,1,FALSE,FALSE,FALSE,FALSE,TRUE,FALSE,FALSE,TRUE,FALSE,FALSE,FALSE,FALSE,FALSE,TRUE,FALSE,TRUE,FALSE,TRUE,FALSE,FALSE,FALSE,TRUE,FALSE,FALSE
Dunnock,Prunella modularis,european,Teal,Egg-laying,FALSE,FALSE,FALSE,1,Bowl,4,20,TRUE,FALSE,FALSE,1,1,0,0,0,0,0,FALSE,FALSE,2,FALSE,FALSE,FALSE,FALSE,TRUE,FALSE,FALSE,TRUE,FALSE,FALSE,FALSE,FALSE,FALSE,TRUE,FALSE,FALSE,FALSE,TRUE,FALSE,FALSE,FALSE,FALSE,FALSE,TRUE
Eastern Bluebird,Sialia sialis,core,White,Other,FALSE,FALSE,FALSE,4,Cavity,5,33,FALSE,TRUE,FALSE,1,0,0,1,0,0,0,FALSE,FALSE,2,FALSE,TRUE,FALSE,TRUE,FALSE,FALSE,FALSE,FALSE,FALSE,FALSE,FALSE,FALSE,FALSE,FALSE,FALSE,TRUE,FALSE,FALSE,FALSE,TRUE,FALSE,TRUE,FALSE,FALSE
Eastern Imperial Eagle,Aquila heliaca,european,White,Hunting and Fishing,TRUE,FALSE,FALSE,7,Platform,2,200,FALSE,TRUE,FALSE,0,0,0,0,3,0,0,FALSE,TRUE,3,FALSE,TRUE,FALSE,FALSE,FALSE,FALSE,FALSE,FALSE,TRUE,FALSE,TRUE,FALSE,FALSE,FALSE,TRUE,FALSE,FALSE,FALSE,TRUE,TRUE,TRUE,FALSE,FALSE,FALSE
Eastern Kingbird,Tyrannus tyrannus,core,Pink,Food from Supply,FALSE,FALSE,FALSE,2,Bowl,2,38,TRUE,TRUE,TRUE,1,0,0,1,0,0,0,TRUE,FALSE,1,FALSE,TRUE,FALSE,FALSE,TRUE,TRUE,FALSE,FALSE,FALSE,FALSE,FALSE,FALSE,FALSE,FALSE,FALSE,FALSE,FALSE,FALSE,FALSE,FALSE,FALSE,TRUE,FALSE,TRUE
Eastern Phoebe,Sayornis phoebe,core,Brown,Food from Supply,FALSE,FALSE,FALSE,3,Wild,4,28,TRUE,TRUE,TRUE,1,0,0,1,0,0,0,TRUE,FALSE,1,FALSE,TRUE,FALSE,FALSE,TRUE,TRUE,FALSE,FALSE,FALSE,TRUE,FALSE,FALSE,FALSE,FALSE,FALSE,TRUE,FALSE,TRUE,TRUE,FALSE,FALSE,TRUE,FALSE,TRUE
Eastern Rosella,Platycercus eximius,oceania,Brown,Flocking,FALSE,FALSE,FALSE,4,Cavity,3,48,TRUE,TRUE,FALSE,0,1,0,0,0,2,0,FALSE,FALSE,3,FALSE,TRUE,FALSE,TRUE,FALSE,TRUE,FALSE,TRUE,TRUE,FALSE,FALSE,FALSE,FALSE,FALSE,FALSE,TRUE,FALSE,FALSE,FALSE,FALSE,FALSE,FALSE,FALSE,FALSE
Eastern Screech Owl,Megascops asio,core,Brown,Hunting/Fishing,TRUE,FALSE,FALSE,4,Cavity,2,51,TRUE,FALSE,FALSE,1,0,0,0,1,0,0,TRUE,FALSE,1,FALSE,TRUE,FALSE,FALSE,FALSE,FALSE,FALSE,FALSE,FALSE,FALSE,TRUE,FALSE,FALSE,TRUE,FALSE,TRUE,FALSE,FALSE,FALSE,FALSE,TRUE,FALSE,FALSE,FALSE
Eastern Whipbird,Psophodes olivaceus,oceania,Brown,Food-related,FALSE,FALSE,FALSE,5,Bowl,2,30,TRUE,FALSE,FALSE,1,1,0,0,0,0,0,FALSE,FALSE,1,FALSE,TRUE,FALSE,FALSE,FALSE,FALSE,FALSE,TRUE,FALSE,FALSE,FALSE,FALSE,FALSE,TRUE,FALSE,FALSE,FALSE,TRUE,FALSE,FALSE,FALSE,FALSE,FALSE,TRUE
Eleonora's Falcon,Falco eleonorae,european,Brown,Egg-laying,FALSE,FALSE,FALSE,6,Ground,2,95,FALSE,FALSE,TRUE,1,0,0,0,1,0,0,FALSE,FALSE,2,FALSE,FALSE,TRUE,FALSE,FALSE,FALSE,FALSE,FALSE,FALSE,TRUE,FALSE,FALSE,FALSE,FALSE,TRUE,FALSE,FALSE,FALSE,FALSE,FALSE,TRUE,FALSE,TRUE,FALSE
Emu,Dromaius novaehollandiae,oceania,Brown,Food-related,FALSE,FALSE,FALSE,4,Ground,6,NA,TRUE,TRUE,TRUE,1,1,0,1,0,0,0,FALSE,FALSE,2,FALSE,FALSE,FALSE,FALSE,FALSE,TRUE,FALSE,TRUE,TRUE,TRUE,FALSE,FALSE,FALSE,FALSE,TRUE,FALSE,FALSE,FALSE,FALSE,FALSE,FALSE,TRUE,FALSE,FALSE
Eurasian Collared-Dove,Streptopelia decaocto,european,Teal,Flocking,FALSE,TRUE,FALSE,5,Platform,2,52,FALSE,TRUE,FALSE,0,1,0,1,0,0,0,FALSE,FALSE,2,TRUE,TRUE,FALSE,FALSE,FALSE,FALSE,TRUE,TRUE,FALSE,FALSE,FALSE,FALSE,FALSE,FALSE,FALSE,FALSE,FALSE,FALSE,TRUE,TRUE,FALSE,TRUE,FALSE,FALSE
Eurasian Golden Oriole,Oriolus oriolus,european,Pink,Food-related,FALSE,FALSE,FALSE,4,Wild,2,46,TRUE,TRUE,FALSE,1,0,0,1,0,0,1,FALSE,FALSE,3,FALSE,TRUE,FALSE,TRUE,FALSE,TRUE,FALSE,FALSE,TRUE,TRUE,FALSE,FALSE,FALSE,FALSE,FALSE,TRUE,TRUE,FALSE,TRUE,FALSE,FALSE,TRUE,FALSE,TRUE
Eurasian Green Woodpecker,Picus viridis,european,Teal,Other,FALSE,FALSE,FALSE,4,Cavity,3,48,TRUE,TRUE,FALSE,0,1,0,1,0,0,0,FALSE,FALSE,2,FALSE,TRUE,FALSE,TRUE,FALSE,TRUE,FALSE,TRUE,FALSE,FALSE,FALSE,FALSE,FALSE,FALSE,FALSE,TRUE,FALSE,FALSE,FALSE,FALSE,FALSE,TRUE,FALSE,FALSE
Eurasian Hobby,Falco subbuteo,european,White,Hunting and fishing,TRUE,FALSE,FALSE,4,Platform,2,75,TRUE,TRUE,TRUE,1,0,0,0,1,0,0,TRUE,TRUE,1,FALSE,TRUE,FALSE,FALSE,FALSE,TRUE,FALSE,FALSE,FALSE,FALSE,TRUE,FALSE,FALSE,FALSE,TRUE,FALSE,FALSE,FALSE,TRUE,FALSE,TRUE,FALSE,FALSE,FALSE
Eurasian Jay,Garrulus glandarius,european,Brown,Food-related,FALSE,FALSE,FALSE,4,Bowl,3,56,TRUE,FALSE,FALSE,1,1,0,0,0,0,1,FALSE,FALSE,3,FALSE,TRUE,FALSE,FALSE,FALSE,FALSE,FALSE,TRUE,TRUE,FALSE,FALSE,FALSE,FALSE,TRUE,FALSE,FALSE,TRUE,FALSE,FALSE,FALSE,FALSE,FALSE,FALSE,TRUE
Eurasian Magpie,Pica pica,european,Teal,Food-related,FALSE,FALSE,FALSE,1,Platform,3,56,FALSE,TRUE,FALSE,1,0,0,0,0,0,1,FALSE,FALSE,2,FALSE,TRUE,FALSE,FALSE,TRUE,FALSE,FALSE,FALSE,FALSE,FALSE,FALSE,FALSE,FALSE,FALSE,FALSE,FALSE,TRUE,FALSE,TRUE,TRUE,FALSE,FALSE,FALSE,FALSE
Eurasian Nutcracker,Nucifraga caryocatactes,european,Brown,Food-related,FALSE,FALSE,FALSE,5,Bowl,2,55,TRUE,FALSE,FALSE,0,1,0,0,0,0,0,FALSE,FALSE,1,FALSE,TRUE,FALSE,FALSE,FALSE,FALSE,FALSE,TRUE,FALSE,FALSE,FALSE,FALSE,FALSE,TRUE,FALSE,FALSE,FALSE,FALSE,FALSE,FALSE,FALSE,FALSE,FALSE,TRUE
Eurasian Nuthatch,Sitta europaea,european,Brown,Food-related,FALSE,FALSE,FALSE,3,Cavity,3,25,TRUE,FALSE,FALSE,1,1,0,0,0,0,0,FALSE,FALSE,2,FALSE,TRUE,FALSE,FALSE,TRUE,FALSE,FALSE,TRUE,FALSE,FALSE,FALSE,FALSE,FALSE,TRUE,FALSE,TRUE,FALSE,TRUE,FALSE,FALSE,FALSE,FALSE,FALSE,FALSE
Eurasian Sparrowhawk,Accipiter nisus,european,White,Hunting and Fishing,TRUE,FALSE,FALSE,4,Platform,2,65,TRUE,FALSE,FALSE,0,0,0,0,1,0,0,FALSE,TRUE,1,FALSE,TRUE,FALSE,FALSE,FALSE,FALSE,FALSE,FALSE,FALSE,FALSE,TRUE,FALSE,FALSE,TRUE,FALSE,FALSE,FALSE,FALSE,TRUE,FALSE,TRUE,FALSE,FALSE,FALSE
Eurasian Tree Sparrow,Passer montanus,european,Pink,Food-related,FALSE,FALSE,FALSE,3,Cavity,4,21,TRUE,TRUE,FALSE,1,1,0,0,0,0,0,FALSE,FALSE,2,FALSE,TRUE,FALSE,FALSE,TRUE,TRUE,FALSE,TRUE,FALSE,FALSE,FALSE,FALSE,FALSE,FALSE,FALSE,TRUE,FALSE,TRUE,FALSE,FALSE,FALSE,FALSE,FALSE,FALSE
European Bee-Eater,Merops apiaster,european,Brown,Food-related,FALSE,FALSE,FALSE,3,Cavity,3,38,FALSE,TRUE,FALSE,2,0,0,0,0,0,0,FALSE,FALSE,2,FALSE,TRUE,FALSE,FALSE,TRUE,FALSE,FALSE,FALSE,FALSE,FALSE,FALSE,FALSE,TRUE,FALSE,FALSE,TRUE,FALSE,FALSE,FALSE,TRUE,FALSE,FALSE,FALSE,FALSE
European Goldfinch,Carduelis carduelis,european,Pink,Flocking,FALSE,TRUE,FALSE,6,Bowl,4,23,TRUE,TRUE,FALSE,0,2,0,1,0,0,0,FALSE,FALSE,3,FALSE,TRUE,FALSE,TRUE,FALSE,TRUE,TRUE,TRUE,TRUE,FALSE,FALSE,FALSE,FALSE,FALSE,FALSE,FALSE,FALSE,TRUE,FALSE,FALSE,FALSE,TRUE,FALSE,TRUE
European Honey Buzzard,Pernis apivorus,european,Teal,Food-related,FALSE,FALSE,FALSE,4,Platform,1,134,TRUE,FALSE,FALSE,1,0,0,0,0,0,1,FALSE,FALSE,2,FALSE,TRUE,FALSE,FALSE,FALSE,FALSE,FALSE,FALSE,FALSE,FALSE,FALSE,FALSE,FALSE,TRUE,TRUE,FALSE,TRUE,FALSE,TRUE,FALSE,FALSE,FALSE,FALSE,FALSE
European Robin,Erithacus rubecula,european,Brown,Food-related,FALSE,FALSE,FALSE,4,Bowl,4,22,TRUE,FALSE,FALSE,1,1,0,1,0,0,0,FALSE,FALSE,3,FALSE,TRUE,FALSE,FALSE,FALSE,FALSE,FALSE,TRUE,TRUE,FALSE,FALSE,FALSE,FALSE,TRUE,FALSE,FALSE,FALSE,TRUE,FALSE,FALSE,FALSE,TRUE,FALSE,TRUE
European Roller,Coracias garrulus,european,White,Other,FALSE,FALSE,FALSE,3,Cavity,2,70,FALSE,TRUE,FALSE,1,0,0,0,1,0,0,FALSE,FALSE,2,FALSE,TRUE,FALSE,FALSE,TRUE,FALSE,FALSE,FALSE,FALSE,FALSE,FALSE,FALSE,FALSE,FALSE,TRUE,TRUE,FALSE,FALSE,FALSE,TRUE,TRUE,FALSE,FALSE,FALSE
European Turtle Dove,Streptopelia turtur,european,White,Other,FALSE,FALSE,TRUE,4,Platform,1,51,TRUE,TRUE,TRUE,0,2,0,0,0,0,0,FALSE,FALSE,2,FALSE,TRUE,FALSE,FALSE,FALSE,TRUE,FALSE,TRUE,FALSE,FALSE,FALSE,FALSE,FALSE,FALSE,FALSE,FALSE,FALSE,FALSE,TRUE,FALSE,FALSE,FALSE,FALSE,FALSE
Ferruginous Hawk,Buteo regalis,core,Brown,Hunting/Fishing,TRUE,FALSE,FALSE,6,Platform,2,142,FALSE,TRUE,FALSE,0,0,0,0,2,0,0,FALSE,FALSE,2,FALSE,FALSE,FALSE,TRUE,FALSE,FALSE,FALSE,FALSE,FALSE,FALSE,TRUE,FALSE,FALSE,FALSE,TRUE,FALSE,FALSE,FALSE,TRUE,TRUE,TRUE,FALSE,FALSE,FALSE
Fish Crow,Corvus ossifragus,core,Brown,Food from Supply,FALSE,FALSE,FALSE,6,Platform,2,91,TRUE,TRUE,TRUE,0,0,1,0,0,0,1,FALSE,FALSE,2,FALSE,FALSE,FALSE,FALSE,FALSE,TRUE,FALSE,FALSE,FALSE,FALSE,FALSE,TRUE,FALSE,FALSE,TRUE,FALSE,TRUE,FALSE,TRUE,FALSE,FALSE,FALSE,FALSE,FALSE
Forster's Tern,Sterna forsteri,core,Brown,Card-drawing,FALSE,FALSE,FALSE,4,Wild,2,79,FALSE,FALSE,TRUE,1,0,1,0,0,0,0,TRUE,FALSE,1,FALSE,FALSE,TRUE,FALSE,FALSE,FALSE,FALSE,FALSE,FALSE,TRUE,FALSE,TRUE,FALSE,FALSE,TRUE,TRUE,FALSE,FALSE,TRUE,FALSE,FALSE,FALSE,TRUE,TRUE
Franklin's Gull,Leucophaeus pipixcan,core,Brown,Card-drawing,FALSE,FALSE,FALSE,3,Wild,2,91,FALSE,TRUE,TRUE,0,0,1,0,0,0,1,FALSE,FALSE,2,FALSE,FALSE,TRUE,FALSE,TRUE,TRUE,FALSE,FALSE,FALSE,TRUE,FALSE,TRUE,FALSE,FALSE,TRUE,TRUE,TRUE,FALSE,TRUE,FALSE,FALSE,FALSE,FALSE,TRUE
Galah,Eolophus roseicapilla,oceania,Brown,Hunting and fishing,FALSE,TRUE,FALSE,5,Cavity,2,75,TRUE,TRUE,FALSE,0,3,0,0,0,0,0,FALSE,FALSE,3,FALSE,FALSE,FALSE,FALSE,FALSE,TRUE,TRUE,TRUE,TRUE,FALSE,FALSE,FALSE,FALSE,FALSE,TRUE,TRUE,FALSE,FALSE,FALSE,FALSE,FALSE,FALSE,FALSE,FALSE
Goldcrest,Regulus regulus,european,Brown,Other,FALSE,FALSE,FALSE,1,Bowl,6,15,TRUE,FALSE,FALSE,1,0,0,0,0,0,0,FALSE,FALSE,1,TRUE,FALSE,FALSE,TRUE,TRUE,FALSE,FALSE,FALSE,FALSE,FALSE,FALSE,FALSE,TRUE,TRUE,FALSE,FALSE,FALSE,TRUE,FALSE,FALSE,FALSE,FALSE,FALSE,TRUE
Golden Eagle,Aquila chrysaetos,core,Brown,Hunting/Fishing,TRUE,FALSE,FALSE,8,Platform,1,201,FALSE,TRUE,TRUE,0,0,0,0,3,0,0,FALSE,FALSE,3,FALSE,FALSE,FALSE,TRUE,FALSE,TRUE,FALSE,FALSE,TRUE,FALSE,TRUE,FALSE,FALSE,FALSE,TRUE,FALSE,FALSE,FALSE,TRUE,FALSE,TRUE,FALSE,FALSE,FALSE
Golden-Headed Cisticola,Cisticola exilis,oceania,White,NA,FALSE,FALSE,FALSE,1,Wild,3,15,FALSE,TRUE,FALSE,1,0,0,0,0,0,0,FALSE,FALSE,0,TRUE,FALSE,FALSE,TRUE,TRUE,FALSE,FALSE,FALSE,FALSE,TRUE,FALSE,FALSE,TRUE,FALSE,FALSE,TRUE,FALSE,TRUE,TRUE,TRUE,FALSE,FALSE,FALSE,TRUE
Gould's Finch,Erythrura gouldiae,oceania,Yellow,Flocking,FALSE,FALSE,FALSE,3,Cavity,3,14,TRUE,TRUE,TRUE,0,1,0,0,0,0,0,FALSE,FALSE,1,FALSE,FALSE,FALSE,FALSE,TRUE,TRUE,FALSE,TRUE,FALSE,FALSE,FALSE,FALSE,FALSE,FALSE,FALSE,TRUE,FALSE,TRUE,FALSE,FALSE,FALSE,FALSE,FALSE,FALSE
Grasshopper Sparrow,Ammodramus savannarum,core,Brown,Egg-laying,FALSE,FALSE,FALSE,2,Ground,2,20,FALSE,TRUE,FALSE,1,1,0,0,0,0,0,TRUE,FALSE,1,FALSE,FALSE,FALSE,FALSE,TRUE,FALSE,FALSE,TRUE,FALSE,TRUE,FALSE,FALSE,FALSE,FALSE,FALSE,FALSE,FALSE,TRUE,FALSE,TRUE,FALSE,FALSE,FALSE,FALSE
Gray Catbird,Dumetella carolinensis,core,Brown,Other,FALSE,FALSE,FALSE,5,Bowl,3,28,TRUE,TRUE,TRUE,1,0,0,2,0,0,0,FALSE,FALSE,3,FALSE,FALSE,FALSE,TRUE,FALSE,TRUE,FALSE,FALSE,TRUE,FALSE,FALSE,FALSE,FALSE,FALSE,FALSE,FALSE,FALSE,TRUE,FALSE,FALSE,FALSE,TRUE,FALSE,TRUE
Great Blue Heron,Ardea herodias,core,White,Other,FALSE,FALSE,FALSE,5,Platform,2,183,FALSE,FALSE,TRUE,1,0,1,0,0,0,0,FALSE,FALSE,2,FALSE,FALSE,FALSE,TRUE,FALSE,FALSE,FALSE,FALSE,FALSE,FALSE,FALSE,TRUE,FALSE,FALSE,TRUE,FALSE,FALSE,FALSE,TRUE,FALSE,FALSE,FALSE,TRUE,FALSE
Great Crested Flycatcher,Myiarchus crinitus,core,Brown,Food from Birdfeeder,FALSE,FALSE,FALSE,5,Cavity,3,33,TRUE,FALSE,FALSE,1,0,0,1,0,0,0,FALSE,FALSE,2,TRUE,FALSE,FALSE,FALSE,FALSE,FALSE,FALSE,FALSE,FALSE,FALSE,FALSE,FALSE,FALSE,TRUE,FALSE,TRUE,FALSE,FALSE,FALSE,FALSE,FALSE,TRUE,FALSE,FALSE
Great Crested Grebe,Podiceps cristatus,european,Brown,Card-drawing,FALSE,FALSE,FALSE,3,Wild,2,65,FALSE,FALSE,TRUE,0,0,2,0,0,0,0,FALSE,FALSE,2,TRUE,FALSE,FALSE,FALSE,TRUE,FALSE,FALSE,FALSE,FALSE,TRUE,FALSE,TRUE,FALSE,FALSE,FALSE,TRUE,FALSE,FALSE,TRUE,FALSE,FALSE,FALSE,TRUE,TRUE
Great Egret,Ardea alba,core,White,Other,FALSE,FALSE,FALSE,7,Platform,3,130,FALSE,FALSE,TRUE,0,0,2,0,1,0,0,FALSE,FALSE,3,FALSE,FALSE,FALSE,FALSE,FALSE,FALSE,FALSE,FALSE,TRUE,FALSE,FALSE,TRUE,FALSE,FALSE,TRUE,FALSE,FALSE,FALSE,TRUE,FALSE,TRUE,FALSE,TRUE,FALSE
Great Horned Owl,Bubo virginianus,core,Brown,Hunting/Fishing,TRUE,FALSE,FALSE,8,Platform,2,112,TRUE,FALSE,FALSE,0,0,0,0,3,0,0,FALSE,FALSE,3,FALSE,FALSE,FALSE,FALSE,FALSE,FALSE,FALSE,FALSE,TRUE,FALSE,TRUE,FALSE,FALSE,TRUE,TRUE,FALSE,FALSE,FALSE,TRUE,FALSE,TRUE,FALSE,FALSE,FALSE
Great Tit,Parus major,european,Brown,Food-related,FALSE,FALSE,FALSE,4,Cavity,6,24,TRUE,FALSE,FALSE,1,1,0,1,0,0,0,FALSE,FALSE,3,FALSE,FALSE,FALSE,FALSE,FALSE,FALSE,FALSE,TRUE,TRUE,FALSE,FALSE,FALSE,FALSE,TRUE,FALSE,TRUE,FALSE,TRUE,FALSE,FALSE,FALSE,TRUE,FALSE,FALSE
Greater Flamingo,Phoenicopterus roseus,european,Brown,Flocking,FALSE,TRUE,FALSE,3,Ground,1,152,FALSE,FALSE,TRUE,1,2,0,0,0,0,0,FALSE,FALSE,3,FALSE,FALSE,FALSE,FALSE,TRUE,FALSE,TRUE,TRUE,TRUE,TRUE,FALSE,FALSE,FALSE,FALSE,TRUE,FALSE,FALSE,FALSE,FALSE,FALSE,FALSE,FALSE,TRUE,FALSE
Greater Prairie Chicken,Tympanuchus cupido,core,White,Other,FALSE,FALSE,TRUE,5,Ground,4,71,FALSE,TRUE,FALSE,1,2,0,0,0,0,0,FALSE,FALSE,3,FALSE,TRUE,FALSE,FALSE,FALSE,FALSE,FALSE,TRUE,TRUE,TRUE,FALSE,FALSE,FALSE,FALSE,TRUE,FALSE,FALSE,FALSE,FALSE,TRUE,FALSE,FALSE,FALSE,FALSE
Greater Roadrunner,Geococcyx californianus,core,Brown,Hunting/Fishing,TRUE,FALSE,FALSE,7,Platform,2,56,FALSE,TRUE,FALSE,1,0,0,0,1,0,1,FALSE,FALSE,3,FALSE,FALSE,FALSE,FALSE,FALSE,FALSE,FALSE,FALSE,TRUE,FALSE,TRUE,FALSE,FALSE,FALSE,FALSE,FALSE,TRUE,FALSE,TRUE,TRUE,TRUE,FALSE,FALSE,FALSE
Green Heron,Butorides virescens,core,Brown,Food from Supply,FALSE,FALSE,FALSE,4,Platform,3,66,FALSE,FALSE,TRUE,1,0,1,0,0,0,0,TRUE,FALSE,1,FALSE,FALSE,FALSE,TRUE,FALSE,FALSE,FALSE,FALSE,FALSE,FALSE,FALSE,TRUE,FALSE,FALSE,TRUE,FALSE,FALSE,FALSE,TRUE,FALSE,FALSE,FALSE,TRUE,FALSE
Green Pygmy-Goose,Nettapus pulchellus,oceania,Brown,Food-related,FALSE,FALSE,FALSE,4,Cavity,4,54,FALSE,FALSE,TRUE,0,2,0,0,0,0,0,FALSE,FALSE,2,FALSE,FALSE,FALSE,TRUE,FALSE,FALSE,FALSE,TRUE,FALSE,FALSE,FALSE,FALSE,FALSE,FALSE,FALSE,TRUE,FALSE,FALSE,FALSE,FALSE,FALSE,FALSE,TRUE,FALSE
Grey Butcherbird,Cracticus torquatus,oceania,Brown,Hunting and fishing,TRUE,FALSE,FALSE,5,Bowl,2,40,TRUE,TRUE,TRUE,1,0,0,0,1,0,1,FALSE,FALSE,1,FALSE,FALSE,FALSE,TRUE,FALSE,TRUE,FALSE,FALSE,TRUE,FALSE,TRUE,FALSE,FALSE,FALSE,FALSE,FALSE,TRUE,FALSE,FALSE,FALSE,TRUE,FALSE,FALSE,TRUE
Grey Heron,Ardea cinerea,european,White,Other,FALSE,FALSE,FALSE,3,Platform,2,185,FALSE,FALSE,TRUE,0,0,2,0,0,0,0,FALSE,FALSE,2,FALSE,FALSE,FALSE,TRUE,TRUE,FALSE,FALSE,FALSE,FALSE,FALSE,FALSE,TRUE,FALSE,FALSE,TRUE,FALSE,FALSE,FALSE,TRUE,FALSE,FALSE,FALSE,TRUE,FALSE
Grey Shrikethrush,Colluricincla harmonica,oceania,Brown,Egg-laying,TRUE,FALSE,FALSE,2,Bowl,3,26,TRUE,FALSE,FALSE,1,0,0,0,0,1,0,TRUE,FALSE,1,FALSE,FALSE,FALSE,TRUE,TRUE,FALSE,FALSE,FALSE,FALSE,FALSE,TRUE,FALSE,TRUE,TRUE,FALSE,FALSE,FALSE,TRUE,FALSE,FALSE,FALSE,FALSE,FALSE,TRUE
Grey Teal,Anas gracilis,oceania,Brown,Other,FALSE,TRUE,FALSE,2,Ground,5,64,FALSE,FALSE,TRUE,1,1,0,0,0,0,0,FALSE,FALSE,1,FALSE,FALSE,FALSE,TRUE,TRUE,FALSE,TRUE,TRUE,FALSE,TRUE,FALSE,FALSE,FALSE,FALSE,FALSE,FALSE,FALSE,FALSE,FALSE,FALSE,FALSE,FALSE,TRUE,FALSE
Grey Warbler,Gerygone igata,oceania,White,NA,FALSE,FALSE,FALSE,1,Wild,3,16,TRUE,FALSE,FALSE,1,1,0,1,0,0,0,TRUE,FALSE,2,FALSE,FALSE,FALSE,TRUE,TRUE,FALSE,FALSE,TRUE,FALSE,TRUE,FALSE,FALSE,FALSE,TRUE,FALSE,TRUE,FALSE,TRUE,TRUE,FALSE,FALSE,TRUE,FALSE,TRUE
Grey-Headed Mannikin,Lonchura caniceps,oceania,Yellow,Hunting and fishing,FALSE,FALSE,FALSE,2,Wild,3,15,FALSE,TRUE,FALSE,0,1,0,0,0,0,0,FALSE,FALSE,1,TRUE,FALSE,FALSE,TRUE,TRUE,FALSE,FALSE,TRUE,FALSE,TRUE,FALSE,FALSE,FALSE,FALSE,FALSE,TRUE,FALSE,TRUE,TRUE,TRUE,FALSE,FALSE,FALSE,TRUE
Greylag Goose,Anser anser,european,Teal,Other,FALSE,FALSE,FALSE,7,Ground,2,164,FALSE,FALSE,TRUE,0,3,0,0,0,0,0,FALSE,FALSE,3,FALSE,FALSE,FALSE,TRUE,FALSE,FALSE,FALSE,TRUE,TRUE,TRUE,FALSE,FALSE,FALSE,FALSE,TRUE,FALSE,FALSE,FALSE,FALSE,FALSE,FALSE,FALSE,TRUE,FALSE
Griffon Vulture,Gyps fulvus,european,Teal,Food-related,FALSE,FALSE,FALSE,1,Platform,1,252,FALSE,TRUE,FALSE,0,0,0,0,0,0,0,FALSE,FALSE,0,FALSE,FALSE,FALSE,FALSE,TRUE,FALSE,FALSE,FALSE,FALSE,FALSE,FALSE,FALSE,FALSE,FALSE,TRUE,FALSE,FALSE,FALSE,TRUE,TRUE,FALSE,FALSE,FALSE,FALSE
Hawfinch,Coccothraustes coccothraustes,european,Brown,Food-related,FALSE,FALSE,FALSE,4,Bowl,2,30,TRUE,FALSE,FALSE,0,2,0,0,0,0,0,FALSE,FALSE,2,FALSE,FALSE,FALSE,FALSE,FALSE,FALSE,FALSE,TRUE,FALSE,FALSE,FALSE,FALSE,FALSE,TRUE,FALSE,FALSE,FALSE,TRUE,FALSE,FALSE,FALSE,FALSE,FALSE,TRUE
Hermit Thrush,Catharus guttatus,core,Brown,Food from Birdfeeder,FALSE,FALSE,FALSE,7,Wild,2,30,TRUE,FALSE,FALSE,1,0,0,2,0,0,0,FALSE,FALSE,3,FALSE,FALSE,FALSE,FALSE,FALSE,FALSE,FALSE,FALSE,TRUE,TRUE,FALSE,FALSE,FALSE,TRUE,FALSE,TRUE,FALSE,TRUE,TRUE,FALSE,FALSE,TRUE,FALSE,TRUE
Hooded Crow,Corvus cornix,european,Teal,Flocking,FALSE,TRUE,FALSE,3,Platform,2,99,FALSE,TRUE,TRUE,1,0,0,0,0,0,2,FALSE,FALSE,3,FALSE,FALSE,FALSE,FALSE,TRUE,TRUE,TRUE,FALSE,TRUE,FALSE,FALSE,FALSE,FALSE,FALSE,TRUE,FALSE,TRUE,FALSE,TRUE,FALSE,FALSE,FALSE,FALSE,FALSE
Hooded Merganser,Lophodytes cucullatus,core,Brown,Other,FALSE,FALSE,FALSE,5,Cavity,4,61,FALSE,FALSE,TRUE,1,0,1,0,0,0,0,FALSE,FALSE,2,FALSE,FALSE,FALSE,FALSE,FALSE,FALSE,FALSE,FALSE,FALSE,FALSE,FALSE,TRUE,FALSE,FALSE,FALSE,TRUE,FALSE,FALSE,FALSE,FALSE,FALSE,FALSE,TRUE,FALSE
Hooded Warbler,Setophaga citrina,core,NA,NA,FALSE,FALSE,FALSE,7,Bowl,3,18,TRUE,FALSE,FALSE,2,0,0,0,0,0,0,FALSE,FALSE,2,FALSE,FALSE,FALSE,FALSE,FALSE,FALSE,FALSE,FALSE,FALSE,FALSE,FALSE,FALSE,TRUE,TRUE,FALSE,FALSE,FALSE,TRUE,FALSE,FALSE,FALSE,FALSE,FALSE,TRUE
Horned Lark,Eremophila alpestris,core,Pink,Flocking,FALSE,TRUE,FALSE,5,Ground,4,30,FALSE,TRUE,FALSE,1,1,0,0,0,0,0,FALSE,FALSE,2,FALSE,FALSE,FALSE,FALSE,FALSE,FALSE,TRUE,TRUE,FALSE,TRUE,FALSE,FALSE,FALSE,FALSE,FALSE,FALSE,FALSE,TRUE,FALSE,TRUE,FALSE,FALSE,FALSE,FALSE
Horsfield's Bronze-Cuckoo,Chrysococcyx basalis,oceania,Pink,Card-drawing,FALSE,FALSE,FALSE,2,NA,0,29,TRUE,TRUE,TRUE,1,0,0,0,0,0,0,FALSE,FALSE,0,FALSE,FALSE,FALSE,TRUE,TRUE,TRUE,FALSE,FALSE,FALSE,FALSE,FALSE,FALSE,TRUE,FALSE,FALSE,FALSE,FALSE,TRUE,FALSE,FALSE,FALSE,FALSE,FALSE,FALSE
Horsfield's Bushlark,Mirafra javanica,oceania,Brown,Food-related,FALSE,FALSE,FALSE,2,Ground,2,12,FALSE,TRUE,FALSE,1,1,0,0,0,0,0,FALSE,FALSE,1,FALSE,FALSE,FALSE,FALSE,TRUE,FALSE,FALSE,TRUE,FALSE,TRUE,FALSE,FALSE,FALSE,FALSE,FALSE,FALSE,FALSE,TRUE,FALSE,TRUE,FALSE,FALSE,FALSE,FALSE
House Finch,Haemorhous mexicanus,core,Brown,Flocking,FALSE,TRUE,FALSE,3,Bowl,6,25,TRUE,TRUE,TRUE,0,1,0,1,0,0,0,FALSE,FALSE,2,FALSE,FALSE,FALSE,FALSE,TRUE,TRUE,TRUE,TRUE,FALSE,FALSE,FALSE,FALSE,FALSE,FALSE,FALSE,FALSE,FALSE,TRUE,FALSE,FALSE,FALSE,TRUE,FALSE,TRUE
House Sparrow,Passer domesticus,european,Teal,Flocking,FALSE,TRUE,FALSE,6,Cavity,5,22,FALSE,TRUE,FALSE,0,1,0,1,0,0,0,FALSE,FALSE,2,FALSE,FALSE,FALSE,FALSE,FALSE,FALSE,TRUE,TRUE,FALSE,FALSE,FALSE,FALSE,FALSE,FALSE,FALSE,TRUE,FALSE,TRUE,FALSE,TRUE,FALSE,TRUE,FALSE,FALSE
House Wren,Troglodytes aedon,core,White,Other,FALSE,FALSE,FALSE,1,Cavity,5,15,TRUE,TRUE,FALSE,1,0,0,0,0,0,0,FALSE,FALSE,1,FALSE,FALSE,FALSE,FALSE,TRUE,TRUE,FALSE,FALSE,FALSE,FALSE,FALSE,FALSE,TRUE,FALSE,FALSE,TRUE,FALSE,TRUE,FALSE,FALSE,FALSE,FALSE,FALSE,FALSE
Inca Dove,Columbina inca,core,White,Egg-laying,FALSE,FALSE,FALSE,2,Platform,4,28,FALSE,TRUE,FALSE,0,2,0,0,0,0,0,FALSE,FALSE,2,FALSE,TRUE,FALSE,FALSE,TRUE,FALSE,FALSE,TRUE,FALSE,FALSE,FALSE,FALSE,FALSE,FALSE,FALSE,FALSE,FALSE,TRUE,TRUE,TRUE,FALSE,FALSE,FALSE,FALSE
Indigo Bunting,Passerina cyanea,core,Brown,Food from Birdfeeder,FALSE,FALSE,FALSE,5,Bowl,3,20,TRUE,TRUE,FALSE,1,1,0,1,0,0,0,FALSE,FALSE,3,FALSE,FALSE,FALSE,TRUE,FALSE,TRUE,FALSE,TRUE,TRUE,FALSE,FALSE,FALSE,FALSE,FALSE,FALSE,FALSE,FALSE,TRUE,FALSE,FALSE,FALSE,TRUE,FALSE,TRUE
Juniper Titmouse,Baeolophus ridgwayi,core,Brown,Caching Food,FALSE,FALSE,FALSE,4,Cavity,3,23,TRUE,FALSE,FALSE,1,1,0,0,0,0,0,FALSE,FALSE,2,FALSE,FALSE,FALSE,FALSE,FALSE,FALSE,FALSE,TRUE,FALSE,FALSE,FALSE,FALSE,FALSE,TRUE,FALSE,TRUE,FALSE,TRUE,FALSE,FALSE,FALSE,FALSE,FALSE,FALSE
Kkp,Strigops habroptila,oceania,Yellow,Other,FALSE,FALSE,TRUE,4,Ground,2,NA,TRUE,FALSE,FALSE,0,1,0,1,0,0,0,FALSE,FALSE,2,FALSE,FALSE,FALSE,FALSE,FALSE,FALSE,FALSE,TRUE,FALSE,TRUE,FALSE,FALSE,FALSE,TRUE,TRUE,FALSE,FALSE,FALSE,FALSE,FALSE,FALSE,TRUE,FALSE,FALSE
Kea,Nestor notabilis,oceania,White,NA,FALSE,FALSE,TRUE,5,Ground,2,90,TRUE,TRUE,FALSE,0,0,0,1,0,1,0,FALSE,FALSE,2,FALSE,FALSE,FALSE,FALSE,FALSE,TRUE,FALSE,FALSE,FALSE,TRUE,FALSE,FALSE,FALSE,FALSE,TRUE,FALSE,FALSE,FALSE,FALSE,FALSE,FALSE,TRUE,FALSE,FALSE
Kelp Gull,Larus dominicanus,oceania,Brown,Food-related,FALSE,FALSE,FALSE,6,Ground,2,135,FALSE,FALSE,TRUE,0,0,1,0,0,0,1,FALSE,FALSE,1,FALSE,FALSE,FALSE,FALSE,FALSE,FALSE,FALSE,FALSE,FALSE,TRUE,FALSE,TRUE,FALSE,FALSE,TRUE,FALSE,TRUE,FALSE,FALSE,FALSE,FALSE,FALSE,TRUE,FALSE
Kerer,Hemiphaga novaeseelandiae,oceania,Brown,Other,FALSE,FALSE,FALSE,3,Platform,2,75,TRUE,FALSE,FALSE,0,0,0,1,0,1,0,FALSE,FALSE,2,FALSE,FALSE,FALSE,FALSE,TRUE,FALSE,FALSE,FALSE,FALSE,FALSE,FALSE,FALSE,FALSE,TRUE,TRUE,FALSE,FALSE,FALSE,TRUE,FALSE,FALSE,TRUE,FALSE,FALSE
Killdeer,Charadrius vociferus,core,Brown,Card-drawing,FALSE,FALSE,FALSE,1,Ground,3,46,FALSE,TRUE,TRUE,1,1,0,0,0,0,0,TRUE,FALSE,1,FALSE,FALSE,FALSE,FALSE,TRUE,TRUE,FALSE,TRUE,FALSE,TRUE,FALSE,FALSE,FALSE,FALSE,FALSE,FALSE,FALSE,FALSE,FALSE,FALSE,FALSE,FALSE,FALSE,FALSE
King Rail,Rallus elegans,core,White,Other,FALSE,FALSE,TRUE,4,Platform,6,51,FALSE,FALSE,TRUE,1,0,1,0,0,0,1,FALSE,FALSE,3,FALSE,FALSE,FALSE,FALSE,FALSE,FALSE,FALSE,FALSE,TRUE,FALSE,FALSE,TRUE,FALSE,FALSE,FALSE,FALSE,TRUE,FALSE,TRUE,FALSE,FALSE,FALSE,TRUE,FALSE
Korimako,Anthornis melanura,oceania,Brown,Flocking,FALSE,FALSE,FALSE,4,Bowl,3,22,TRUE,FALSE,FALSE,1,0,0,1,0,1,0,FALSE,FALSE,2,FALSE,FALSE,FALSE,FALSE,FALSE,FALSE,FALSE,FALSE,TRUE,FALSE,FALSE,FALSE,FALSE,TRUE,FALSE,FALSE,FALSE,TRUE,FALSE,FALSE,FALSE,TRUE,FALSE,TRUE
Laughing Kookaburra,Dacelo novaeguineae,oceania,Brown,Other,TRUE,FALSE,FALSE,1,Cavity,3,60,TRUE,TRUE,TRUE,1,0,1,0,1,0,0,TRUE,FALSE,2,FALSE,FALSE,FALSE,FALSE,TRUE,TRUE,FALSE,FALSE,FALSE,FALSE,TRUE,TRUE,FALSE,FALSE,FALSE,TRUE,FALSE,FALSE,FALSE,FALSE,TRUE,FALSE,FALSE,FALSE
Lazuli Bunting,Passerina amoena,core,Brown,Egg-laying,FALSE,FALSE,FALSE,4,Bowl,4,23,FALSE,TRUE,FALSE,1,1,0,1,0,0,0,FALSE,FALSE,3,FALSE,FALSE,FALSE,TRUE,FALSE,FALSE,FALSE,TRUE,TRUE,FALSE,FALSE,FALSE,FALSE,FALSE,FALSE,FALSE,FALSE,TRUE,FALSE,TRUE,FALSE,TRUE,FALSE,TRUE
Lesser Frigatebird,Fregata ariel,oceania,Brown,Flocking,FALSE,FALSE,FALSE,9,Platform,1,175,FALSE,FALSE,TRUE,1,0,2,0,0,0,0,FALSE,FALSE,2,FALSE,FALSE,FALSE,FALSE,FALSE,FALSE,FALSE,FALSE,TRUE,FALSE,FALSE,TRUE,FALSE,FALSE,TRUE,FALSE,FALSE,FALSE,TRUE,FALSE,FALSE,FALSE,TRUE,FALSE
Lesser Whitethroat,Sylvia curruca,european,Teal,Egg-laying,FALSE,FALSE,FALSE,0,Bowl,2,18,TRUE,TRUE,FALSE,1,0,0,1,0,0,0,FALSE,FALSE,2,TRUE,FALSE,FALSE,TRUE,TRUE,TRUE,FALSE,FALSE,FALSE,FALSE,FALSE,FALSE,FALSE,FALSE,FALSE,FALSE,FALSE,TRUE,FALSE,FALSE,FALSE,TRUE,FALSE,TRUE
Lewin's Honeyeater,Meliphaga lewinii,oceania,Brown,Flocking,FALSE,FALSE,FALSE,5,Bowl,2,29,TRUE,FALSE,FALSE,0,0,0,1,0,1,0,FALSE,FALSE,2,FALSE,FALSE,FALSE,FALSE,FALSE,FALSE,FALSE,FALSE,FALSE,FALSE,FALSE,FALSE,FALSE,TRUE,FALSE,FALSE,FALSE,TRUE,FALSE,FALSE,FALSE,TRUE,FALSE,TRUE
Lincoln's Sparrow,Melospiza lincolnii,core,Brown,Other,FALSE,FALSE,FALSE,3,Ground,2,20,TRUE,TRUE,TRUE,1,1,0,0,0,0,0,FALSE,FALSE,2,FALSE,FALSE,TRUE,FALSE,TRUE,TRUE,FALSE,TRUE,FALSE,TRUE,FALSE,FALSE,FALSE,FALSE,FALSE,FALSE,FALSE,TRUE,FALSE,FALSE,FALSE,FALSE,FALSE,FALSE
Little Bustard,Tetrax tetrax,european,White,Other,FALSE,FALSE,TRUE,4,Ground,2,110,FALSE,TRUE,FALSE,1,1,0,0,0,0,0,FALSE,FALSE,2,FALSE,FALSE,FALSE,FALSE,FALSE,FALSE,FALSE,TRUE,FALSE,TRUE,FALSE,FALSE,FALSE,FALSE,TRUE,FALSE,FALSE,FALSE,FALSE,TRUE,FALSE,FALSE,FALSE,FALSE
Little Owl,Athene noctua,european,Brown,Food-related,FALSE,FALSE,FALSE,4,Cavity,2,56,TRUE,TRUE,FALSE,1,0,0,0,1,0,0,FALSE,FALSE,2,FALSE,FALSE,FALSE,FALSE,FALSE,TRUE,FALSE,FALSE,FALSE,FALSE,FALSE,FALSE,FALSE,FALSE,FALSE,TRUE,FALSE,FALSE,FALSE,FALSE,TRUE,FALSE,FALSE,FALSE
Little Penguin,Eudyptula minor,oceania,Brown,Other,TRUE,FALSE,FALSE,7,Wild,2,NA,FALSE,FALSE,TRUE,0,0,3,0,0,0,0,FALSE,FALSE,3,FALSE,FALSE,FALSE,FALSE,FALSE,FALSE,FALSE,FALSE,TRUE,TRUE,TRUE,TRUE,FALSE,FALSE,TRUE,TRUE,FALSE,FALSE,TRUE,FALSE,FALSE,FALSE,TRUE,TRUE
Little Pied Cormorant,Microcarbo melanoleucos,oceania,Yellow,Food-related,FALSE,FALSE,FALSE,4,Platform,2,88,FALSE,FALSE,TRUE,1,0,1,0,0,0,0,FALSE,FALSE,1,FALSE,FALSE,FALSE,FALSE,FALSE,FALSE,FALSE,FALSE,FALSE,FALSE,FALSE,TRUE,FALSE,FALSE,TRUE,FALSE,FALSE,FALSE,TRUE,FALSE,FALSE,FALSE,TRUE,FALSE
Loggerhead Shrike,Lanius ludovicianus,core,Pink,Caching Food,FALSE,FALSE,FALSE,3,Bowl,4,30,FALSE,TRUE,TRUE,1,0,0,0,1,0,0,FALSE,FALSE,2,TRUE,FALSE,FALSE,FALSE,TRUE,TRUE,FALSE,FALSE,FALSE,FALSE,FALSE,FALSE,FALSE,FALSE,FALSE,FALSE,FALSE,TRUE,FALSE,FALSE,TRUE,FALSE,FALSE,TRUE
Long-Tailed Tit,Aegithalos caudatus,european,White,Other,FALSE,FALSE,FALSE,0,Wild,4,18,TRUE,FALSE,FALSE,1,1,0,0,0,0,0,FALSE,FALSE,2,TRUE,FALSE,FALSE,FALSE,TRUE,FALSE,FALSE,TRUE,FALSE,TRUE,FALSE,FALSE,FALSE,TRUE,FALSE,TRUE,FALSE,TRUE,TRUE,FALSE,FALSE,FALSE,FALSE,TRUE
Magpie-Lark,Grallina cyanoleuca,oceania,Yellow,Food-related,FALSE,FALSE,FALSE,5,Bowl,3,57,FALSE,TRUE,FALSE,1,1,0,0,0,0,0,TRUE,FALSE,1,FALSE,FALSE,FALSE,FALSE,FALSE,FALSE,FALSE,TRUE,FALSE,FALSE,FALSE,FALSE,FALSE,FALSE,FALSE,FALSE,FALSE,FALSE,FALSE,TRUE,FALSE,FALSE,FALSE,TRUE
Major Mitchell's Cockatoo,Lophochroa leadbeateri,oceania,Brown,Other,FALSE,TRUE,FALSE,6,Cavity,2,81,TRUE,TRUE,FALSE,0,2,0,0,0,0,0,FALSE,FALSE,2,FALSE,FALSE,FALSE,FALSE,FALSE,TRUE,TRUE,TRUE,FALSE,FALSE,FALSE,FALSE,FALSE,FALSE,TRUE,TRUE,FALSE,FALSE,FALSE,FALSE,FALSE,FALSE,FALSE,FALSE
Mallard,Anas platyrhynchos,core,Brown,Card-drawing,FALSE,FALSE,FALSE,0,Ground,4,89,FALSE,FALSE,TRUE,1,1,0,0,0,0,0,TRUE,FALSE,1,FALSE,FALSE,FALSE,FALSE,TRUE,FALSE,FALSE,TRUE,FALSE,TRUE,FALSE,FALSE,FALSE,FALSE,TRUE,FALSE,FALSE,FALSE,FALSE,FALSE,FALSE,FALSE,TRUE,FALSE
Malleefowl,Leipoa ocellata,oceania,Yellow,Food-related,FALSE,FALSE,FALSE,2,Ground,6,33,TRUE,TRUE,FALSE,0,1,0,0,0,0,1,FALSE,FALSE,1,FALSE,TRUE,FALSE,FALSE,TRUE,TRUE,FALSE,TRUE,FALSE,TRUE,FALSE,FALSE,FALSE,FALSE,FALSE,FALSE,TRUE,FALSE,FALSE,FALSE,FALSE,FALSE,FALSE,FALSE
Maned Duck,Chenonetta jubata,oceania,Brown,Card-drawing,FALSE,TRUE,FALSE,2,Cavity,4,79,FALSE,FALSE,TRUE,0,0,0,0,0,0,2,FALSE,FALSE,0,FALSE,FALSE,FALSE,FALSE,TRUE,FALSE,TRUE,FALSE,FALSE,FALSE,FALSE,FALSE,FALSE,FALSE,TRUE,TRUE,TRUE,FALSE,FALSE,FALSE,FALSE,FALSE,TRUE,FALSE
Many-Colored Fruit Dove,Ptilinopus perousii,oceania,Brown,Egg-laying,FALSE,FALSE,FALSE,2,Platform,2,30,TRUE,FALSE,FALSE,0,0,0,1,0,0,0,FALSE,FALSE,1,FALSE,FALSE,FALSE,FALSE,TRUE,FALSE,FALSE,FALSE,FALSE,FALSE,FALSE,FALSE,FALSE,TRUE,FALSE,FALSE,FALSE,TRUE,TRUE,FALSE,FALSE,TRUE,FALSE,FALSE
Masked Lapwing,Vanellus miles,oceania,White,NA,FALSE,FALSE,FALSE,1,Ground,3,80,FALSE,TRUE,TRUE,1,1,0,0,0,0,0,TRUE,FALSE,1,TRUE,FALSE,FALSE,FALSE,TRUE,TRUE,FALSE,TRUE,FALSE,TRUE,FALSE,FALSE,FALSE,FALSE,TRUE,FALSE,FALSE,FALSE,FALSE,FALSE,FALSE,FALSE,FALSE,FALSE
Mississippi Kite,Ictinia mississippiensis,core,Brown,Hunting/Fishing,TRUE,FALSE,FALSE,4,Platform,1,79,TRUE,TRUE,FALSE,1,0,0,0,1,0,0,TRUE,FALSE,1,FALSE,TRUE,FALSE,FALSE,FALSE,TRUE,FALSE,FALSE,FALSE,FALSE,TRUE,FALSE,FALSE,FALSE,TRUE,FALSE,FALSE,FALSE,TRUE,FALSE,TRUE,FALSE,FALSE,FALSE
Mistletoebird,Dicaeum hirundinaceum,oceania,Brown,Card-drawing,FALSE,FALSE,FALSE,3,Wild,4,18,TRUE,FALSE,FALSE,0,0,0,2,0,1,0,FALSE,FALSE,3,FALSE,FALSE,FALSE,FALSE,TRUE,FALSE,FALSE,FALSE,TRUE,TRUE,FALSE,FALSE,FALSE,TRUE,FALSE,TRUE,FALSE,TRUE,TRUE,FALSE,FALSE,TRUE,FALSE,TRUE
Moltoni's Warbler,Sylvia subalpina,european,Teal,Other,FALSE,FALSE,FALSE,3,Bowl,2,17,FALSE,TRUE,FALSE,1,0,0,1,0,0,0,FALSE,FALSE,2,FALSE,FALSE,TRUE,FALSE,TRUE,FALSE,FALSE,FALSE,FALSE,FALSE,FALSE,FALSE,FALSE,FALSE,FALSE,FALSE,FALSE,TRUE,FALSE,TRUE,FALSE,TRUE,FALSE,TRUE
Montagu's Harrier,Circus pygargus,european,White,Hunting and fishing,TRUE,FALSE,FALSE,4,Ground,2,113,FALSE,TRUE,FALSE,0,0,0,0,2,0,0,FALSE,TRUE,2,FALSE,FALSE,TRUE,FALSE,FALSE,FALSE,FALSE,FALSE,FALSE,TRUE,TRUE,FALSE,FALSE,FALSE,TRUE,FALSE,FALSE,FALSE,FALSE,TRUE,TRUE,FALSE,FALSE,FALSE
Mountain Bluebird,Sialia currucoides,core,White,Other,FALSE,FALSE,FALSE,4,Cavity,5,36,FALSE,TRUE,FALSE,1,0,0,1,0,0,0,FALSE,FALSE,2,FALSE,TRUE,FALSE,TRUE,FALSE,FALSE,FALSE,FALSE,FALSE,FALSE,FALSE,FALSE,FALSE,FALSE,FALSE,TRUE,FALSE,FALSE,FALSE,TRUE,FALSE,TRUE,FALSE,FALSE
Mountain Chickadee,Poecile gambeli,core,Brown,Caching Food,FALSE,FALSE,FALSE,2,Cavity,3,23,TRUE,FALSE,FALSE,1,1,0,0,0,0,0,TRUE,FALSE,1,FALSE,TRUE,FALSE,FALSE,TRUE,FALSE,FALSE,TRUE,FALSE,FALSE,FALSE,FALSE,FALSE,TRUE,FALSE,TRUE,FALSE,TRUE,FALSE,FALSE,FALSE,FALSE,FALSE,FALSE
Mourning Dove,Zenaida macroura,core,Brown,Egg-laying,FALSE,FALSE,FALSE,0,Platform,5,46,TRUE,TRUE,TRUE,0,1,0,0,0,0,0,FALSE,FALSE,1,FALSE,FALSE,FALSE,FALSE,TRUE,TRUE,FALSE,TRUE,FALSE,FALSE,FALSE,FALSE,FALSE,FALSE,FALSE,FALSE,FALSE,FALSE,TRUE,FALSE,FALSE,FALSE,FALSE,FALSE
Musk Duck,Biziura lobata,oceania,Brown,Other,FALSE,FALSE,FALSE,2,Ground,2,87,FALSE,FALSE,TRUE,1,1,1,0,0,0,0,TRUE,FALSE,2,FALSE,FALSE,FALSE,FALSE,TRUE,FALSE,FALSE,TRUE,FALSE,TRUE,FALSE,TRUE,FALSE,FALSE,TRUE,FALSE,FALSE,FALSE,FALSE,FALSE,FALSE,FALSE,TRUE,FALSE
Mute Swan,Cygnus olor,european,Brown,Flocking,FALSE,FALSE,FALSE,4,Ground,3,220,FALSE,FALSE,TRUE,1,1,0,0,0,0,1,FALSE,FALSE,3,FALSE,FALSE,FALSE,FALSE,FALSE,FALSE,FALSE,TRUE,TRUE,TRUE,FALSE,FALSE,FALSE,FALSE,TRUE,FALSE,TRUE,FALSE,FALSE,FALSE,FALSE,FALSE,TRUE,FALSE
New Holland Honeyeater,Phylidonyris novaehollandiae,oceania,Brown,Food-related,FALSE,FALSE,FALSE,0,Bowl,3,20,FALSE,TRUE,FALSE,0,0,0,0,0,1,0,FALSE,FALSE,1,FALSE,TRUE,FALSE,FALSE,TRUE,FALSE,FALSE,FALSE,FALSE,FALSE,FALSE,FALSE,FALSE,FALSE,FALSE,FALSE,FALSE,TRUE,FALSE,TRUE,FALSE,FALSE,FALSE,TRUE
Noisy Miner,Manorina melanocephala,oceania,Brown,Food-related,FALSE,TRUE,FALSE,3,Bowl,6,41,TRUE,TRUE,FALSE,1,0,0,0,0,1,1,FALSE,FALSE,1,FALSE,FALSE,FALSE,FALSE,TRUE,TRUE,TRUE,FALSE,TRUE,FALSE,FALSE,FALSE,FALSE,FALSE,FALSE,FALSE,TRUE,FALSE,FALSE,FALSE,FALSE,FALSE,FALSE,TRUE
North Island Brown Kiwi,Apteryx mantelli,oceania,White,NA,FALSE,FALSE,TRUE,6,Wild,1,NA,TRUE,TRUE,FALSE,2,1,0,0,0,0,0,FALSE,FALSE,1,FALSE,TRUE,FALSE,TRUE,FALSE,TRUE,FALSE,TRUE,TRUE,TRUE,FALSE,FALSE,FALSE,FALSE,TRUE,TRUE,FALSE,FALSE,TRUE,FALSE,FALSE,FALSE,FALSE,TRUE
Northern Bobwhite,Colinus virginianus,core,Brown,Egg-laying,FALSE,FALSE,FALSE,5,Ground,6,33,FALSE,TRUE,FALSE,0,3,0,0,0,0,0,FALSE,FALSE,3,FALSE,TRUE,FALSE,TRUE,FALSE,FALSE,FALSE,TRUE,TRUE,TRUE,FALSE,FALSE,FALSE,FALSE,FALSE,FALSE,FALSE,FALSE,FALSE,TRUE,FALSE,FALSE,FALSE,FALSE
Northern Cardinal,Cardinalis cardinalis,core,Brown,Food from Supply,FALSE,FALSE,FALSE,3,Bowl,5,30,TRUE,FALSE,FALSE,0,1,0,1,0,0,0,FALSE,FALSE,2,FALSE,TRUE,FALSE,FALSE,TRUE,FALSE,FALSE,TRUE,FALSE,FALSE,FALSE,FALSE,FALSE,TRUE,FALSE,FALSE,FALSE,TRUE,FALSE,FALSE,FALSE,TRUE,FALSE,TRUE
Northern Flicker,Colaptes auratus,core,White,Food from Birdfeeder,FALSE,FALSE,FALSE,2,Cavity,4,51,TRUE,TRUE,FALSE,1,1,0,1,0,0,0,TRUE,FALSE,1,FALSE,TRUE,FALSE,FALSE,TRUE,TRUE,FALSE,TRUE,FALSE,FALSE,FALSE,FALSE,FALSE,FALSE,FALSE,TRUE,FALSE,FALSE,FALSE,FALSE,FALSE,TRUE,FALSE,FALSE
Northern Gannet,Morus bassanus,european,Brown,Hunting and fishing,TRUE,FALSE,FALSE,5,Ground,1,173,FALSE,FALSE,TRUE,0,0,2,0,0,0,0,FALSE,FALSE,2,FALSE,TRUE,FALSE,FALSE,FALSE,FALSE,FALSE,FALSE,FALSE,TRUE,TRUE,TRUE,FALSE,FALSE,TRUE,FALSE,FALSE,FALSE,FALSE,FALSE,FALSE,FALSE,TRUE,FALSE
Northern Goshawk,Accipiter gentilis,european,White,Hunting and Fishing,TRUE,FALSE,FALSE,5,Platform,2,106,TRUE,FALSE,FALSE,0,0,0,0,2,0,0,FALSE,TRUE,2,FALSE,TRUE,FALSE,FALSE,FALSE,FALSE,FALSE,FALSE,FALSE,FALSE,TRUE,FALSE,FALSE,TRUE,TRUE,FALSE,FALSE,FALSE,TRUE,FALSE,TRUE,FALSE,FALSE,FALSE
Northern Harrier,Circus cyaneus,core,Brown,Hunting/Fishing,TRUE,FALSE,FALSE,3,Platform,2,109,FALSE,TRUE,TRUE,0,0,0,0,1,0,0,FALSE,FALSE,1,FALSE,TRUE,FALSE,FALSE,TRUE,TRUE,FALSE,FALSE,FALSE,FALSE,TRUE,FALSE,FALSE,FALSE,TRUE,FALSE,FALSE,FALSE,TRUE,FALSE,TRUE,FALSE,FALSE,FALSE
Northern Mockingbird,Mimus polyglottos,core,Brown,Other,FALSE,FALSE,FALSE,2,Bowl,4,36,TRUE,TRUE,TRUE,1,0,0,1,0,0,0,FALSE,FALSE,2,FALSE,TRUE,FALSE,FALSE,TRUE,TRUE,FALSE,FALSE,FALSE,FALSE,FALSE,FALSE,FALSE,FALSE,FALSE,FALSE,FALSE,FALSE,FALSE,FALSE,FALSE,TRUE,FALSE,TRUE
Northern Shoveler,Spatula clypeata,core,Brown,Card-drawing,FALSE,FALSE,FALSE,7,Ground,4,76,FALSE,FALSE,TRUE,1,2,0,0,0,0,0,FALSE,FALSE,3,FALSE,TRUE,FALSE,FALSE,FALSE,FALSE,FALSE,TRUE,TRUE,TRUE,FALSE,FALSE,FALSE,FALSE,TRUE,FALSE,FALSE,FALSE,FALSE,FALSE,FALSE,FALSE,TRUE,FALSE
Orange-Footed Scrubfowl,Megapodius reinwardt,oceania,Yellow,Food-related,FALSE,FALSE,FALSE,1,Ground,5,43,TRUE,FALSE,FALSE,0,1,0,1,0,0,0,TRUE,FALSE,2,TRUE,TRUE,FALSE,TRUE,TRUE,FALSE,FALSE,TRUE,FALSE,TRUE,FALSE,FALSE,FALSE,TRUE,FALSE,FALSE,FALSE,FALSE,FALSE,FALSE,FALSE,TRUE,FALSE,FALSE
Osprey,Pandion haliaetus,core,Brown,Food from Supply,FALSE,FALSE,FALSE,5,Platform,2,160,FALSE,FALSE,TRUE,0,0,1,0,0,0,0,FALSE,FALSE,1,FALSE,FALSE,FALSE,FALSE,FALSE,FALSE,FALSE,FALSE,FALSE,FALSE,FALSE,TRUE,FALSE,FALSE,TRUE,FALSE,FALSE,FALSE,TRUE,FALSE,FALSE,FALSE,TRUE,FALSE
Pacific Black Duck,Anas superciliosa,oceania,Yellow,Card-drawing,FALSE,FALSE,FALSE,2,Cavity,6,88,FALSE,FALSE,TRUE,0,1,0,0,0,0,1,FALSE,FALSE,1,FALSE,TRUE,FALSE,TRUE,TRUE,FALSE,FALSE,TRUE,FALSE,FALSE,FALSE,FALSE,FALSE,FALSE,TRUE,TRUE,TRUE,FALSE,FALSE,FALSE,FALSE,FALSE,TRUE,FALSE
Painted Bunting,Passerina ciris,core,White,Other,FALSE,FALSE,TRUE,5,Bowl,4,23,FALSE,TRUE,FALSE,1,2,0,0,0,0,0,FALSE,FALSE,3,FALSE,FALSE,FALSE,FALSE,FALSE,FALSE,FALSE,TRUE,TRUE,FALSE,FALSE,FALSE,FALSE,FALSE,FALSE,FALSE,FALSE,TRUE,FALSE,TRUE,FALSE,FALSE,FALSE,TRUE
Painted Whitestart,Myioborus pictus,swiftstart,Brown,NA,FALSE,FALSE,FALSE,1,Ground,3,22,TRUE,FALSE,FALSE,1,0,0,0,0,0,0,FALSE,FALSE,1,FALSE,FALSE,FALSE,TRUE,TRUE,FALSE,FALSE,FALSE,FALSE,TRUE,FALSE,FALSE,TRUE,TRUE,FALSE,FALSE,FALSE,TRUE,FALSE,FALSE,FALSE,FALSE,FALSE,FALSE
Parrot Crossbill,Loxia pytyopsittacus,european,Brown,Food-related,FALSE,FALSE,FALSE,6,Bowl,2,30,TRUE,FALSE,FALSE,0,3,0,0,0,0,0,FALSE,FALSE,3,TRUE,FALSE,FALSE,FALSE,FALSE,FALSE,FALSE,TRUE,TRUE,FALSE,FALSE,FALSE,FALSE,TRUE,FALSE,FALSE,FALSE,TRUE,FALSE,FALSE,FALSE,FALSE,FALSE,TRUE
Peaceful Dove,Geopelia placida,oceania,Brown,Food-related,FALSE,FALSE,FALSE,3,Platform,4,25,TRUE,TRUE,FALSE,0,1,0,0,0,0,0,FALSE,FALSE,1,FALSE,FALSE,FALSE,FALSE,TRUE,TRUE,FALSE,TRUE,FALSE,FALSE,FALSE,FALSE,FALSE,FALSE,FALSE,FALSE,FALSE,TRUE,TRUE,FALSE,FALSE,FALSE,FALSE,FALSE
Peregrine Falcon,Falco peregrinus,core,Brown,Hunting/Fishing,TRUE,FALSE,FALSE,5,Platform,2,104,FALSE,TRUE,TRUE,0,0,0,0,2,0,0,FALSE,FALSE,2,FALSE,FALSE,FALSE,FALSE,FALSE,TRUE,FALSE,FALSE,FALSE,FALSE,TRUE,FALSE,FALSE,FALSE,TRUE,FALSE,FALSE,FALSE,TRUE,FALSE,TRUE,FALSE,FALSE,FALSE
Pesquet's Parrot,Psittrichas fulgidus,oceania,Brown,Hunting and fishing,FALSE,FALSE,FALSE,3,Cavity,2,30,TRUE,FALSE,FALSE,0,0,0,1,0,1,0,FALSE,FALSE,2,FALSE,FALSE,FALSE,FALSE,TRUE,FALSE,FALSE,FALSE,FALSE,FALSE,FALSE,FALSE,FALSE,TRUE,FALSE,TRUE,FALSE,TRUE,FALSE,FALSE,FALSE,TRUE,FALSE,FALSE
Pheasant Coucal,Centropus phasianinus,oceania,Pink,Other,FALSE,FALSE,FALSE,1,Ground,4,50,FALSE,TRUE,FALSE,1,0,0,0,1,0,0,FALSE,FALSE,1,FALSE,FALSE,FALSE,FALSE,TRUE,FALSE,FALSE,FALSE,FALSE,TRUE,FALSE,FALSE,FALSE,FALSE,FALSE,FALSE,FALSE,FALSE,FALSE,TRUE,TRUE,FALSE,FALSE,FALSE
Pied-Billed Grebe,Podilymbus podiceps,core,Brown,Card-drawing,FALSE,FALSE,FALSE,0,Platform,4,41,FALSE,FALSE,TRUE,1,0,1,0,0,0,0,TRUE,FALSE,1,TRUE,FALSE,FALSE,FALSE,TRUE,FALSE,FALSE,FALSE,FALSE,FALSE,FALSE,TRUE,FALSE,FALSE,FALSE,FALSE,FALSE,FALSE,TRUE,FALSE,FALSE,FALSE,TRUE,FALSE
Pileated Woodpecker,Dryocopus pileatus,core,Brown,Egg-laying,FALSE,FALSE,FALSE,4,Cavity,2,74,TRUE,FALSE,FALSE,1,0,0,1,0,0,0,FALSE,FALSE,2,FALSE,FALSE,FALSE,FALSE,FALSE,FALSE,FALSE,FALSE,FALSE,FALSE,FALSE,FALSE,FALSE,TRUE,TRUE,TRUE,FALSE,FALSE,FALSE,FALSE,FALSE,TRUE,FALSE,FALSE
Pine Siskin,Spinus pinus,core,Brown,Flocking,FALSE,TRUE,FALSE,3,Bowl,2,23,TRUE,FALSE,FALSE,0,2,0,0,0,0,0,FALSE,FALSE,2,FALSE,FALSE,FALSE,FALSE,TRUE,FALSE,TRUE,TRUE,FALSE,FALSE,FALSE,FALSE,FALSE,TRUE,FALSE,FALSE,FALSE,TRUE,FALSE,FALSE,FALSE,FALSE,FALSE,TRUE
Pink-Eared Duck,Malacorhynchus membranaceus,oceania,Brown,Other,FALSE,FALSE,FALSE,4,Cavity,3,64,FALSE,FALSE,TRUE,0,1,0,0,0,0,1,FALSE,FALSE,1,TRUE,FALSE,FALSE,TRUE,FALSE,FALSE,FALSE,TRUE,FALSE,FALSE,FALSE,FALSE,FALSE,FALSE,FALSE,TRUE,TRUE,FALSE,FALSE,FALSE,FALSE,FALSE,TRUE,FALSE
Plains-Wanderer,Pedionomus torquatus,oceania,White,NA,FALSE,FALSE,TRUE,4,Ground,3,32,FALSE,TRUE,FALSE,1,1,0,0,0,0,0,FALSE,FALSE,1,FALSE,TRUE,FALSE,FALSE,FALSE,FALSE,FALSE,TRUE,FALSE,TRUE,FALSE,FALSE,FALSE,FALSE,FALSE,FALSE,FALSE,FALSE,FALSE,TRUE,FALSE,FALSE,FALSE,FALSE
Princess Stephanie's Astrapia,Astrapia stephaniae,oceania,Brown,Other,FALSE,FALSE,FALSE,6,Platform,1,45,TRUE,FALSE,FALSE,1,0,0,1,0,0,0,FALSE,FALSE,1,FALSE,FALSE,FALSE,FALSE,FALSE,FALSE,FALSE,FALSE,FALSE,FALSE,FALSE,FALSE,FALSE,TRUE,FALSE,FALSE,FALSE,FALSE,TRUE,FALSE,FALSE,TRUE,FALSE,FALSE
Prothonotary Warbler,Protonotaria citrea,core,NA,NA,FALSE,FALSE,FALSE,8,Cavity,4,23,TRUE,FALSE,TRUE,2,1,0,0,0,0,0,FALSE,FALSE,3,FALSE,FALSE,FALSE,FALSE,FALSE,TRUE,FALSE,TRUE,TRUE,FALSE,FALSE,FALSE,FALSE,FALSE,FALSE,TRUE,FALSE,TRUE,FALSE,FALSE,FALSE,FALSE,FALSE,FALSE
Pkeko,Porphyrio melanotus,oceania,Brown,Flocking,FALSE,FALSE,FALSE,4,Ground,3,78,FALSE,FALSE,TRUE,0,2,0,0,0,0,1,FALSE,FALSE,2,FALSE,FALSE,FALSE,FALSE,FALSE,FALSE,FALSE,TRUE,TRUE,TRUE,FALSE,FALSE,FALSE,FALSE,TRUE,FALSE,TRUE,FALSE,FALSE,FALSE,FALSE,FALSE,TRUE,FALSE
Purple Gallinule,Porphyrio martinicus,core,Brown,Card-drawing,FALSE,FALSE,FALSE,7,Platform,4,56,FALSE,FALSE,TRUE,0,1,0,1,0,0,1,FALSE,FALSE,3,FALSE,FALSE,FALSE,TRUE,FALSE,FALSE,FALSE,TRUE,TRUE,FALSE,FALSE,FALSE,FALSE,FALSE,FALSE,FALSE,TRUE,FALSE,TRUE,FALSE,FALSE,TRUE,TRUE,FALSE
Purple Martin,Progne subis,core,Brown,Flocking,FALSE,TRUE,FALSE,2,Cavity,3,46,FALSE,TRUE,TRUE,1,0,0,0,0,0,0,FALSE,FALSE,1,FALSE,FALSE,FALSE,TRUE,TRUE,TRUE,TRUE,FALSE,FALSE,FALSE,FALSE,FALSE,TRUE,FALSE,FALSE,TRUE,FALSE,FALSE,FALSE,FALSE,FALSE,FALSE,FALSE,FALSE
Pygmy Nuthatch,Sitta pygmaea,core,Brown,Flocking,FALSE,TRUE,FALSE,2,Cavity,4,20,TRUE,FALSE,FALSE,1,1,0,0,0,0,0,FALSE,FALSE,2,FALSE,FALSE,FALSE,FALSE,TRUE,FALSE,TRUE,TRUE,FALSE,FALSE,FALSE,FALSE,FALSE,TRUE,FALSE,TRUE,FALSE,TRUE,FALSE,FALSE,FALSE,FALSE,FALSE,FALSE
Rainbow Lorikeet,Trichoglossus moluccanus,oceania,Brown,Egg-laying,FALSE,FALSE,FALSE,1,Cavity,2,46,TRUE,FALSE,FALSE,0,0,0,1,0,1,0,FALSE,FALSE,2,FALSE,FALSE,FALSE,FALSE,TRUE,FALSE,FALSE,FALSE,FALSE,FALSE,FALSE,FALSE,FALSE,TRUE,FALSE,TRUE,FALSE,FALSE,FALSE,FALSE,FALSE,TRUE,FALSE,FALSE
Red Crossbill,Loxia curvirostra,core,Brown,Food from Supply,FALSE,FALSE,FALSE,6,Bowl,2,28,TRUE,FALSE,FALSE,0,2,0,0,0,0,0,FALSE,FALSE,2,TRUE,FALSE,FALSE,TRUE,FALSE,FALSE,FALSE,TRUE,FALSE,FALSE,FALSE,FALSE,FALSE,TRUE,FALSE,FALSE,FALSE,TRUE,FALSE,FALSE,FALSE,FALSE,FALSE,TRUE
Red Kite,Milvus milvus,european,White,Hunting and fishing,TRUE,FALSE,FALSE,4,Platform,2,157,TRUE,TRUE,TRUE,0,0,0,0,1,0,1,FALSE,TRUE,2,FALSE,FALSE,FALSE,TRUE,FALSE,TRUE,FALSE,FALSE,FALSE,FALSE,TRUE,FALSE,FALSE,FALSE,TRUE,FALSE,TRUE,FALSE,TRUE,FALSE,TRUE,FALSE,FALSE,FALSE
Red Knot,Calidris canutus,european,White,Other,FALSE,FALSE,TRUE,7,Ground,2,50,FALSE,FALSE,TRUE,3,0,0,0,0,0,0,FALSE,FALSE,3,FALSE,FALSE,FALSE,TRUE,FALSE,FALSE,FALSE,FALSE,TRUE,TRUE,FALSE,FALSE,TRUE,FALSE,FALSE,FALSE,FALSE,FALSE,FALSE,FALSE,FALSE,FALSE,TRUE,FALSE
Red Wattlebird,Anthochaera carunculata,oceania,White,NA,FALSE,FALSE,FALSE,3,Bowl,2,49,TRUE,FALSE,FALSE,0,0,0,0,0,2,0,FALSE,FALSE,2,TRUE,FALSE,FALSE,TRUE,TRUE,FALSE,FALSE,FALSE,FALSE,FALSE,FALSE,FALSE,FALSE,TRUE,FALSE,FALSE,FALSE,FALSE,FALSE,FALSE,FALSE,FALSE,FALSE,TRUE
Red-Backed Fairywren,Malurus melanocephalus,oceania,Yellow,Other,FALSE,FALSE,FALSE,4,Wild,3,15,FALSE,TRUE,FALSE,1,1,0,0,0,0,0,FALSE,FALSE,1,TRUE,FALSE,FALSE,TRUE,FALSE,FALSE,FALSE,TRUE,FALSE,TRUE,FALSE,FALSE,FALSE,FALSE,FALSE,TRUE,FALSE,TRUE,TRUE,TRUE,FALSE,FALSE,FALSE,TRUE
Red-Backed Shrike,Lanius collurio,european,Brown,Food-related,FALSE,FALSE,FALSE,5,Bowl,2,33,FALSE,TRUE,FALSE,1,0,0,0,1,0,1,FALSE,FALSE,3,TRUE,FALSE,FALSE,TRUE,FALSE,FALSE,FALSE,FALSE,TRUE,FALSE,FALSE,FALSE,FALSE,FALSE,FALSE,FALSE,TRUE,FALSE,FALSE,TRUE,TRUE,FALSE,FALSE,TRUE
Red-Bellied Woodpecker,Melanerpes carolinus,core,Brown,Caching Food,FALSE,FALSE,FALSE,1,Cavity,3,41,TRUE,FALSE,FALSE,1,1,0,0,0,0,0,TRUE,FALSE,1,TRUE,FALSE,FALSE,TRUE,TRUE,FALSE,FALSE,TRUE,FALSE,FALSE,FALSE,FALSE,FALSE,TRUE,FALSE,TRUE,FALSE,FALSE,FALSE,FALSE,FALSE,FALSE,FALSE,FALSE
Red-Breasted Merganser,Mergus serrator,swiftstart,Brown,NA,FALSE,FALSE,FALSE,3,Ground,4,78,FALSE,FALSE,TRUE,1,0,1,0,0,0,0,FALSE,FALSE,2,TRUE,FALSE,FALSE,TRUE,TRUE,FALSE,FALSE,FALSE,FALSE,TRUE,FALSE,TRUE,FALSE,FALSE,TRUE,FALSE,FALSE,FALSE,FALSE,FALSE,FALSE,FALSE,TRUE,FALSE
Red-Breasted Nuthatch,Sitta canadensis,core,Brown,Caching Food,FALSE,FALSE,FALSE,2,Cavity,3,23,TRUE,FALSE,FALSE,1,1,0,0,0,0,0,TRUE,FALSE,1,TRUE,FALSE,FALSE,TRUE,TRUE,FALSE,FALSE,TRUE,FALSE,FALSE,FALSE,FALSE,FALSE,TRUE,FALSE,TRUE,FALSE,TRUE,FALSE,FALSE,FALSE,FALSE,FALSE,FALSE
Red-Capped Robin,Petroica goodenovii,oceania,Brown,Flocking,FALSE,FALSE,FALSE,2,Bowl,4,17,TRUE,FALSE,FALSE,1,0,0,0,0,0,0,FALSE,FALSE,0,TRUE,FALSE,FALSE,TRUE,TRUE,FALSE,FALSE,FALSE,FALSE,FALSE,FALSE,FALSE,TRUE,TRUE,FALSE,FALSE,FALSE,TRUE,FALSE,FALSE,FALSE,FALSE,FALSE,TRUE
Red-Cockaded Woodpecker,Picoides borealis,core,White,Other,FALSE,FALSE,TRUE,4,Cavity,2,36,TRUE,FALSE,FALSE,1,0,0,1,0,0,0,FALSE,FALSE,2,FALSE,FALSE,FALSE,TRUE,FALSE,FALSE,FALSE,FALSE,FALSE,FALSE,FALSE,FALSE,FALSE,TRUE,FALSE,TRUE,FALSE,FALSE,FALSE,FALSE,FALSE,TRUE,FALSE,FALSE
Red-Crowned Crane,Grus japonensis,chinesepromo,White,NA,FALSE,FALSE,TRUE,7,Ground,1,235,FALSE,FALSE,TRUE,1,1,1,0,0,0,0,FALSE,FALSE,3,TRUE,FALSE,FALSE,TRUE,FALSE,FALSE,FALSE,TRUE,TRUE,TRUE,FALSE,TRUE,FALSE,FALSE,TRUE,FALSE,FALSE,FALSE,FALSE,FALSE,FALSE,FALSE,TRUE,FALSE
Red-Eyed Vireo,Vireo olivaceus,core,White,Other,FALSE,FALSE,FALSE,3,Wild,2,25,TRUE,FALSE,FALSE,1,0,0,1,0,0,0,TRUE,FALSE,1,TRUE,FALSE,FALSE,TRUE,TRUE,FALSE,FALSE,FALSE,FALSE,TRUE,FALSE,FALSE,FALSE,TRUE,FALSE,TRUE,FALSE,TRUE,TRUE,FALSE,FALSE,TRUE,FALSE,TRUE
Red-Headed Woodpecker,Melanerpes erythrocephalus,core,Brown,Caching Food,FALSE,FALSE,FALSE,4,Cavity,3,43,TRUE,TRUE,TRUE,1,1,0,0,0,0,1,FALSE,FALSE,3,TRUE,FALSE,FALSE,TRUE,FALSE,TRUE,FALSE,TRUE,TRUE,FALSE,FALSE,FALSE,FALSE,FALSE,FALSE,TRUE,TRUE,FALSE,FALSE,FALSE,FALSE,FALSE,FALSE,FALSE
Red-Legged Partridge,Alectoris rufa,european,Brown,Egg-laying,FALSE,FALSE,FALSE,1,Ground,6,48,FALSE,TRUE,FALSE,0,3,0,0,0,0,0,FALSE,FALSE,3,TRUE,FALSE,FALSE,TRUE,TRUE,FALSE,FALSE,TRUE,TRUE,TRUE,FALSE,FALSE,FALSE,FALSE,FALSE,FALSE,FALSE,FALSE,FALSE,TRUE,FALSE,FALSE,FALSE,FALSE
Red-Necked Avocet,Recurvirostra novaehollandiae,oceania,Brown,Other,FALSE,FALSE,FALSE,4,Ground,2,75,FALSE,FALSE,TRUE,1,1,0,0,0,0,0,FALSE,FALSE,1,TRUE,FALSE,FALSE,TRUE,FALSE,FALSE,FALSE,TRUE,FALSE,TRUE,FALSE,FALSE,FALSE,FALSE,TRUE,FALSE,FALSE,FALSE,FALSE,FALSE,FALSE,FALSE,TRUE,FALSE
Red-Shouldered Hawk,Buteo lineatus,core,Brown,Hunting/Fishing,TRUE,FALSE,FALSE,3,Platform,2,102,TRUE,FALSE,FALSE,0,0,0,0,1,0,0,FALSE,FALSE,1,TRUE,FALSE,FALSE,TRUE,TRUE,FALSE,FALSE,FALSE,FALSE,FALSE,TRUE,FALSE,FALSE,TRUE,TRUE,FALSE,FALSE,FALSE,TRUE,FALSE,TRUE,FALSE,FALSE,FALSE
Red-Tailed Hawk,Buteo jamaicensis,core,Brown,Hunting/Fishing,TRUE,FALSE,FALSE,5,Platform,2,124,TRUE,TRUE,TRUE,0,0,0,0,2,0,0,FALSE,FALSE,2,TRUE,FALSE,FALSE,TRUE,FALSE,TRUE,FALSE,FALSE,FALSE,FALSE,TRUE,FALSE,FALSE,FALSE,TRUE,FALSE,FALSE,FALSE,TRUE,FALSE,TRUE,FALSE,FALSE,FALSE
Red-Winged Blackbird,Agelaius phoeniceus,core,Brown,Flocking,FALSE,TRUE,FALSE,2,Bowl,3,33,FALSE,TRUE,TRUE,0,1,0,0,0,0,0,FALSE,FALSE,1,TRUE,FALSE,FALSE,TRUE,TRUE,TRUE,TRUE,TRUE,FALSE,FALSE,FALSE,FALSE,FALSE,FALSE,FALSE,FALSE,FALSE,FALSE,FALSE,FALSE,FALSE,FALSE,FALSE,TRUE
Red-Winged Parrot,Aprosmictus erythropterus,oceania,Brown,Flocking,FALSE,FALSE,FALSE,6,Cavity,2,49,TRUE,TRUE,TRUE,0,1,0,1,0,1,0,FALSE,FALSE,3,TRUE,FALSE,FALSE,TRUE,FALSE,TRUE,FALSE,TRUE,TRUE,FALSE,FALSE,FALSE,FALSE,FALSE,FALSE,TRUE,FALSE,FALSE,FALSE,FALSE,FALSE,TRUE,FALSE,FALSE
Regent Bowerbird,Sericulus chrysocephalus,oceania,Brown,Hunting and Fishing,FALSE,FALSE,FALSE,3,Bowl,2,36,TRUE,TRUE,FALSE,1,1,0,1,0,0,0,TRUE,FALSE,2,FALSE,FALSE,FALSE,FALSE,TRUE,TRUE,FALSE,TRUE,FALSE,FALSE,FALSE,FALSE,FALSE,FALSE,FALSE,FALSE,FALSE,FALSE,FALSE,FALSE,FALSE,TRUE,FALSE,TRUE
Ring-Billed Gull,Larus delawarensis,core,Brown,Flocking,FALSE,TRUE,FALSE,4,Ground,2,122,FALSE,FALSE,TRUE,0,0,0,0,0,0,2,FALSE,FALSE,2,TRUE,FALSE,FALSE,FALSE,FALSE,FALSE,TRUE,FALSE,FALSE,TRUE,FALSE,FALSE,FALSE,FALSE,TRUE,FALSE,TRUE,FALSE,FALSE,FALSE,FALSE,FALSE,TRUE,FALSE
Rose-Breasted Grosbeak,Pheucticus ludovicianus,core,Brown,Food from Birdfeeder,FALSE,FALSE,FALSE,6,Bowl,3,33,TRUE,FALSE,FALSE,1,1,0,1,0,0,0,FALSE,FALSE,3,TRUE,FALSE,FALSE,TRUE,FALSE,FALSE,FALSE,TRUE,TRUE,FALSE,FALSE,FALSE,FALSE,TRUE,FALSE,FALSE,FALSE,FALSE,FALSE,FALSE,FALSE,TRUE,FALSE,TRUE
Roseate Spoonbill,Platalea ajaja,core,White,Other,FALSE,FALSE,TRUE,6,Platform,2,127,FALSE,FALSE,TRUE,1,1,1,0,0,0,0,FALSE,FALSE,3,TRUE,FALSE,FALSE,TRUE,FALSE,FALSE,FALSE,TRUE,TRUE,FALSE,FALSE,TRUE,FALSE,FALSE,TRUE,FALSE,FALSE,FALSE,TRUE,FALSE,FALSE,FALSE,TRUE,FALSE
Royal Spoonbill,Platalea regia,oceania,Brown,Food-related,FALSE,FALSE,FALSE,4,Platform,2,120,FALSE,FALSE,TRUE,1,0,1,0,0,0,0,FALSE,FALSE,1,TRUE,FALSE,FALSE,FALSE,FALSE,FALSE,FALSE,FALSE,FALSE,FALSE,FALSE,TRUE,FALSE,FALSE,TRUE,FALSE,FALSE,FALSE,TRUE,FALSE,FALSE,FALSE,TRUE,FALSE
Ruby-Crowned Kinglet,Regulus calendula,core,White,Other,FALSE,FALSE,FALSE,2,Bowl,3,20,TRUE,FALSE,FALSE,1,1,0,1,0,0,0,TRUE,FALSE,1,TRUE,FALSE,FALSE,TRUE,TRUE,FALSE,FALSE,TRUE,FALSE,FALSE,FALSE,FALSE,FALSE,TRUE,FALSE,FALSE,FALSE,TRUE,FALSE,FALSE,FALSE,TRUE,FALSE,TRUE
Ruby-Throated Hummingbird,Archilochus colubris,core,Brown,Food from Birdfeeder,FALSE,FALSE,FALSE,4,Bowl,2,10,TRUE,TRUE,TRUE,0,0,0,0,0,0,1,FALSE,FALSE,1,TRUE,FALSE,FALSE,TRUE,FALSE,TRUE,FALSE,FALSE,FALSE,FALSE,FALSE,FALSE,FALSE,FALSE,FALSE,FALSE,TRUE,TRUE,FALSE,FALSE,FALSE,FALSE,FALSE,TRUE
Ruddy Duck,Oxyura jamaicensis,core,Brown,Card-drawing,FALSE,FALSE,FALSE,0,Platform,5,48,FALSE,FALSE,TRUE,1,1,0,0,0,0,0,TRUE,FALSE,1,FALSE,FALSE,FALSE,TRUE,TRUE,FALSE,FALSE,TRUE,FALSE,FALSE,FALSE,FALSE,FALSE,FALSE,FALSE,FALSE,FALSE,FALSE,TRUE,FALSE,FALSE,FALSE,TRUE,FALSE
Ruff,Calidris pugnax,european,Teal,Flocking,FALSE,TRUE,FALSE,2,Ground,2,56,FALSE,TRUE,TRUE,1,0,0,0,0,0,1,FALSE,FALSE,2,FALSE,FALSE,FALSE,FALSE,TRUE,TRUE,TRUE,FALSE,FALSE,TRUE,FALSE,FALSE,FALSE,FALSE,FALSE,FALSE,TRUE,FALSE,FALSE,FALSE,FALSE,FALSE,FALSE,FALSE
Rufous Night-Heron,Nycticorax caledonicus,oceania,Brown,Hunting and fishing,TRUE,FALSE,FALSE,5,Platform,2,106,FALSE,FALSE,TRUE,1,0,1,0,0,0,0,FALSE,FALSE,1,FALSE,FALSE,FALSE,TRUE,FALSE,FALSE,FALSE,FALSE,FALSE,FALSE,TRUE,TRUE,FALSE,FALSE,TRUE,FALSE,FALSE,FALSE,TRUE,FALSE,FALSE,FALSE,TRUE,FALSE
Rufous Owl,Ninox rufa,oceania,Brown,Other,TRUE,FALSE,FALSE,7,Cavity,2,115,TRUE,FALSE,FALSE,0,0,0,0,3,0,0,FALSE,FALSE,3,FALSE,FALSE,FALSE,TRUE,FALSE,FALSE,FALSE,FALSE,TRUE,FALSE,TRUE,FALSE,FALSE,TRUE,TRUE,TRUE,FALSE,FALSE,FALSE,FALSE,TRUE,FALSE,FALSE,FALSE
Rufous-Banded Honeyeater,Conopophila albogularis,oceania,Brown,Food-related,FALSE,FALSE,FALSE,0,Bowl,4,22,TRUE,FALSE,TRUE,1,0,0,0,0,1,0,TRUE,FALSE,1,FALSE,FALSE,FALSE,TRUE,TRUE,TRUE,FALSE,FALSE,FALSE,FALSE,FALSE,FALSE,TRUE,FALSE,FALSE,FALSE,FALSE,TRUE,FALSE,FALSE,FALSE,FALSE,FALSE,TRUE
Sacred Kingfisher,Todiramphus sanctus,oceania,Pink,Egg-laying,TRUE,FALSE,FALSE,0,Cavity,4,30,TRUE,TRUE,TRUE,1,0,1,0,1,0,0,TRUE,FALSE,2,FALSE,FALSE,FALSE,FALSE,TRUE,TRUE,FALSE,FALSE,FALSE,FALSE,TRUE,TRUE,FALSE,FALSE,FALSE,TRUE,FALSE,TRUE,FALSE,FALSE,TRUE,FALSE,FALSE,FALSE
Sandhill Crane,Antigone canadensis,core,Brown,Flocking,FALSE,TRUE,FALSE,5,Ground,1,196,FALSE,TRUE,TRUE,0,2,0,0,0,0,1,FALSE,FALSE,3,FALSE,TRUE,FALSE,FALSE,FALSE,TRUE,TRUE,TRUE,TRUE,TRUE,FALSE,FALSE,FALSE,FALSE,TRUE,FALSE,TRUE,FALSE,FALSE,FALSE,FALSE,FALSE,FALSE,FALSE
Savannah Sparrow,Passerculus sandwichensis,core,White,Other,FALSE,FALSE,FALSE,2,Ground,3,18,FALSE,TRUE,FALSE,1,1,0,0,0,0,0,TRUE,FALSE,1,FALSE,TRUE,FALSE,FALSE,TRUE,FALSE,FALSE,TRUE,FALSE,TRUE,FALSE,FALSE,FALSE,FALSE,FALSE,FALSE,FALSE,TRUE,FALSE,TRUE,FALSE,FALSE,FALSE,FALSE
Savi's Warbler,Locustella luscinioides,european,Brown,Card-drawing,FALSE,FALSE,FALSE,1,Bowl,4,20,FALSE,FALSE,TRUE,1,0,0,0,0,0,0,FALSE,FALSE,1,FALSE,FALSE,TRUE,FALSE,TRUE,FALSE,FALSE,FALSE,FALSE,FALSE,FALSE,FALSE,TRUE,FALSE,FALSE,FALSE,FALSE,TRUE,FALSE,FALSE,FALSE,FALSE,TRUE,TRUE
Say's Phoebe,Sayornis saya,core,White,Egg-laying,FALSE,FALSE,FALSE,5,Bowl,3,33,FALSE,TRUE,FALSE,3,0,0,0,0,0,0,FALSE,FALSE,3,FALSE,FALSE,TRUE,FALSE,FALSE,FALSE,FALSE,FALSE,TRUE,FALSE,FALSE,FALSE,TRUE,FALSE,FALSE,FALSE,FALSE,FALSE,FALSE,TRUE,FALSE,FALSE,FALSE,TRUE
Scaled Quail,Callipepla squamata,swiftstart,Brown,NA,FALSE,FALSE,FALSE,0,Ground,6,36,FALSE,TRUE,FALSE,0,1,0,0,0,0,0,FALSE,FALSE,1,FALSE,FALSE,FALSE,FALSE,TRUE,FALSE,FALSE,TRUE,FALSE,TRUE,FALSE,FALSE,FALSE,FALSE,FALSE,FALSE,FALSE,FALSE,FALSE,TRUE,FALSE,FALSE,FALSE,FALSE
Scissor-Tailed Flycatcher,Tyrannus forficatus,core,Brown,Food from Supply,FALSE,FALSE,FALSE,8,Bowl,2,38,FALSE,TRUE,FALSE,2,0,0,1,0,0,0,FALSE,FALSE,3,TRUE,FALSE,FALSE,FALSE,FALSE,FALSE,FALSE,FALSE,TRUE,FALSE,FALSE,FALSE,FALSE,FALSE,FALSE,FALSE,FALSE,FALSE,FALSE,TRUE,FALSE,TRUE,FALSE,TRUE
Short-Toed Treecreeper,Certhia brachydactyla,european,Brown,Other,FALSE,FALSE,FALSE,2,Cavity,5,20,TRUE,FALSE,FALSE,1,1,0,0,0,0,0,FALSE,FALSE,2,TRUE,FALSE,FALSE,FALSE,TRUE,FALSE,FALSE,TRUE,FALSE,FALSE,FALSE,FALSE,FALSE,TRUE,FALSE,TRUE,FALSE,TRUE,FALSE,FALSE,FALSE,FALSE,FALSE,FALSE
Silvereye,Zosterops lateralis,oceania,Brown,Food-related,FALSE,FALSE,FALSE,4,Bowl,4,17,TRUE,TRUE,TRUE,1,0,0,0,0,1,0,FALSE,FALSE,1,TRUE,FALSE,FALSE,TRUE,FALSE,TRUE,FALSE,FALSE,FALSE,FALSE,FALSE,FALSE,TRUE,FALSE,FALSE,FALSE,FALSE,TRUE,FALSE,FALSE,FALSE,FALSE,FALSE,TRUE
Snow Bunting,Plectrophenax nivalis,european,Pink,Tucking,FALSE,TRUE,FALSE,5,Cavity,2,35,FALSE,TRUE,TRUE,1,1,0,0,0,0,0,FALSE,FALSE,2,FALSE,FALSE,FALSE,FALSE,FALSE,TRUE,TRUE,TRUE,FALSE,FALSE,FALSE,FALSE,FALSE,FALSE,FALSE,TRUE,FALSE,FALSE,FALSE,FALSE,FALSE,FALSE,FALSE,FALSE
Snowy Egret,Egretta thula,core,Brown,Hunting/Fishing,TRUE,FALSE,FALSE,4,Platform,2,104,FALSE,FALSE,TRUE,1,0,1,0,0,0,0,TRUE,FALSE,1,FALSE,FALSE,FALSE,TRUE,FALSE,FALSE,FALSE,FALSE,FALSE,FALSE,TRUE,TRUE,FALSE,FALSE,TRUE,FALSE,FALSE,FALSE,TRUE,FALSE,FALSE,FALSE,TRUE,FALSE
Snowy Owl,Bubo scandiacus,european,White,Other,FALSE,FALSE,TRUE,4,Ground,3,138,FALSE,TRUE,TRUE,0,0,0,0,2,0,0,FALSE,FALSE,2,FALSE,FALSE,FALSE,TRUE,FALSE,TRUE,FALSE,FALSE,FALSE,TRUE,FALSE,FALSE,FALSE,FALSE,TRUE,FALSE,FALSE,FALSE,FALSE,FALSE,TRUE,FALSE,FALSE,FALSE
Song Sparrow,Melospiza melodia,core,Brown,Other,FALSE,FALSE,FALSE,0,Bowl,5,20,TRUE,TRUE,TRUE,1,1,0,1,0,0,0,TRUE,FALSE,1,FALSE,FALSE,FALSE,FALSE,TRUE,TRUE,FALSE,TRUE,FALSE,FALSE,FALSE,FALSE,FALSE,FALSE,FALSE,FALSE,FALSE,TRUE,FALSE,FALSE,FALSE,TRUE,FALSE,TRUE
South Island Robin,Petroica australis,oceania,Brown,Food-related,FALSE,FALSE,FALSE,1,Bowl,5,24,TRUE,TRUE,FALSE,1,0,0,0,0,0,0,FALSE,FALSE,0,FALSE,TRUE,FALSE,FALSE,TRUE,TRUE,FALSE,FALSE,FALSE,FALSE,FALSE,FALSE,TRUE,FALSE,FALSE,FALSE,FALSE,TRUE,FALSE,FALSE,FALSE,FALSE,FALSE,TRUE
Southern Cassowary,Casuarius casuarius,oceania,White,Other,FALSE,FALSE,FALSE,4,Ground,4,NA,TRUE,FALSE,FALSE,0,0,0,2,0,0,1,FALSE,FALSE,2,FALSE,TRUE,FALSE,FALSE,FALSE,FALSE,FALSE,FALSE,TRUE,TRUE,FALSE,FALSE,FALSE,TRUE,TRUE,FALSE,TRUE,FALSE,FALSE,FALSE,FALSE,TRUE,FALSE,FALSE
Spangled Drongo,Dicrurus bracteatus,oceania,Pink,Egg-laying,FALSE,FALSE,FALSE,1,Bowl,2,27,TRUE,FALSE,FALSE,1,0,0,0,0,1,1,FALSE,FALSE,1,FALSE,FALSE,FALSE,FALSE,TRUE,FALSE,FALSE,FALSE,TRUE,FALSE,FALSE,FALSE,FALSE,TRUE,FALSE,FALSE,TRUE,TRUE,FALSE,FALSE,FALSE,FALSE,FALSE,TRUE
Splendid Fairywren,Malurus splendens,oceania,Yellow,Food-related,FALSE,FALSE,FALSE,1,Wild,5,15,TRUE,TRUE,FALSE,2,0,0,0,0,0,0,FALSE,FALSE,0,FALSE,FALSE,FALSE,FALSE,TRUE,TRUE,FALSE,FALSE,FALSE,TRUE,FALSE,FALSE,TRUE,FALSE,FALSE,TRUE,FALSE,TRUE,TRUE,FALSE,FALSE,FALSE,FALSE,TRUE
Spotless Crake,Zapornia tabuensis,oceania,Yellow,Hunting and Fishing,FALSE,FALSE,FALSE,1,Ground,3,28,FALSE,FALSE,TRUE,1,1,0,0,0,0,0,TRUE,FALSE,1,FALSE,FALSE,FALSE,FALSE,TRUE,FALSE,FALSE,TRUE,FALSE,TRUE,FALSE,FALSE,FALSE,FALSE,FALSE,FALSE,FALSE,TRUE,FALSE,FALSE,FALSE,FALSE,TRUE,FALSE
Spotted Owl,Strix occidentalis,core,White,Other,FALSE,FALSE,TRUE,5,Cavity,1,102,TRUE,FALSE,FALSE,0,0,0,0,2,0,0,FALSE,FALSE,2,FALSE,FALSE,FALSE,FALSE,FALSE,FALSE,FALSE,FALSE,FALSE,FALSE,FALSE,FALSE,FALSE,TRUE,TRUE,TRUE,FALSE,FALSE,FALSE,FALSE,TRUE,FALSE,FALSE,FALSE
Spotted Sandpiper,Actitis macularius,core,Brown,Card-drawing,FALSE,FALSE,FALSE,5,Ground,2,38,FALSE,FALSE,TRUE,1,0,0,0,0,0,0,FALSE,FALSE,1,FALSE,FALSE,FALSE,FALSE,FALSE,FALSE,FALSE,FALSE,FALSE,TRUE,FALSE,FALSE,TRUE,FALSE,FALSE,FALSE,FALSE,FALSE,FALSE,FALSE,FALSE,FALSE,TRUE,FALSE
Spotted Towhee,Pipilo maculatus,core,Brown,Food from Supply,FALSE,FALSE,FALSE,0,Ground,4,28,TRUE,TRUE,FALSE,1,1,0,1,0,0,0,TRUE,FALSE,1,FALSE,FALSE,FALSE,FALSE,TRUE,TRUE,FALSE,TRUE,FALSE,TRUE,FALSE,FALSE,FALSE,FALSE,FALSE,FALSE,FALSE,TRUE,FALSE,FALSE,FALSE,TRUE,FALSE,FALSE
Sprague's Pipit,Anthus spragueii,core,White,Other,FALSE,FALSE,TRUE,3,Ground,3,25,FALSE,TRUE,FALSE,1,1,0,0,0,0,0,FALSE,FALSE,2,FALSE,FALSE,TRUE,FALSE,TRUE,FALSE,FALSE,TRUE,FALSE,TRUE,FALSE,FALSE,FALSE,FALSE,FALSE,FALSE,FALSE,TRUE,FALSE,TRUE,FALSE,FALSE,FALSE,FALSE
Squacco Heron,Ardeola ralloides,european,Brown,Card-drawing,FALSE,FALSE,FALSE,3,Platform,2,86,FALSE,FALSE,TRUE,1,0,1,0,0,0,0,FALSE,FALSE,2,FALSE,FALSE,FALSE,FALSE,TRUE,FALSE,FALSE,FALSE,FALSE,FALSE,FALSE,TRUE,FALSE,FALSE,TRUE,FALSE,FALSE,FALSE,TRUE,FALSE,FALSE,FALSE,TRUE,FALSE
Steller's Jay,Cyanocitta stelleri,core,Brown,Caching Food,FALSE,FALSE,FALSE,5,Bowl,2,48,TRUE,FALSE,FALSE,0,2,0,0,0,0,1,FALSE,FALSE,3,FALSE,FALSE,TRUE,FALSE,FALSE,FALSE,FALSE,TRUE,TRUE,FALSE,FALSE,FALSE,FALSE,TRUE,FALSE,FALSE,TRUE,FALSE,FALSE,FALSE,FALSE,FALSE,FALSE,TRUE
Stubble Quail,Coturnix pectoralis,oceania,White,NA,FALSE,FALSE,FALSE,4,Ground,6,29,FALSE,TRUE,FALSE,1,1,0,0,0,0,0,TRUE,FALSE,1,FALSE,FALSE,FALSE,FALSE,FALSE,FALSE,FALSE,TRUE,FALSE,TRUE,FALSE,FALSE,FALSE,FALSE,FALSE,FALSE,FALSE,TRUE,FALSE,TRUE,FALSE,FALSE,FALSE,FALSE
Sulphur-Crested Cockatoo,Cacatua galerita,oceania,Brown,Card-drawing,FALSE,TRUE,FALSE,6,Cavity,2,103,TRUE,FALSE,FALSE,0,1,0,1,0,0,0,FALSE,FALSE,2,TRUE,FALSE,FALSE,TRUE,FALSE,FALSE,TRUE,TRUE,FALSE,FALSE,FALSE,FALSE,FALSE,TRUE,TRUE,TRUE,FALSE,FALSE,FALSE,FALSE,FALSE,TRUE,FALSE,FALSE
Superb Lyrebird,Menura novaehollandiae,oceania,Brown,Food-related,FALSE,FALSE,FALSE,5,Wild,1,73,TRUE,FALSE,FALSE,2,0,0,0,0,0,1,FALSE,FALSE,0,FALSE,FALSE,FALSE,FALSE,FALSE,FALSE,FALSE,FALSE,TRUE,TRUE,FALSE,FALSE,FALSE,TRUE,TRUE,TRUE,TRUE,FALSE,TRUE,FALSE,FALSE,FALSE,FALSE,TRUE
Swainson's Hawk,Buteo swainsoni,core,Brown,Hunting/Fishing,TRUE,FALSE,FALSE,5,Platform,2,130,FALSE,TRUE,FALSE,1,0,0,0,1,0,0,FALSE,FALSE,2,FALSE,FALSE,TRUE,FALSE,FALSE,FALSE,FALSE,FALSE,FALSE,FALSE,TRUE,FALSE,FALSE,FALSE,TRUE,FALSE,FALSE,FALSE,TRUE,TRUE,TRUE,FALSE,FALSE,FALSE
Tawny Frogmouth,Podargus strigoides,oceania,Brown,Flocking,TRUE,FALSE,FALSE,5,Platform,2,82,TRUE,TRUE,TRUE,2,0,0,0,1,0,0,FALSE,FALSE,1,TRUE,FALSE,FALSE,TRUE,FALSE,TRUE,FALSE,FALSE,TRUE,FALSE,TRUE,FALSE,FALSE,FALSE,TRUE,FALSE,FALSE,FALSE,TRUE,FALSE,TRUE,FALSE,FALSE,FALSE
Thekla's Lark,Galerida theklae,european,Brown,Egg-laying,FALSE,FALSE,FALSE,4,Ground,3,34,FALSE,TRUE,FALSE,2,1,0,0,0,0,0,FALSE,FALSE,3,FALSE,FALSE,TRUE,FALSE,FALSE,FALSE,FALSE,TRUE,TRUE,TRUE,FALSE,FALSE,FALSE,FALSE,FALSE,FALSE,FALSE,FALSE,FALSE,TRUE,FALSE,FALSE,FALSE,FALSE
Tree Swallow,Tachycineta bicolor,core,Brown,Flocking,FALSE,TRUE,FALSE,3,Cavity,4,38,FALSE,FALSE,TRUE,1,0,0,1,0,0,0,FALSE,FALSE,2,FALSE,FALSE,FALSE,FALSE,TRUE,FALSE,TRUE,FALSE,FALSE,FALSE,FALSE,FALSE,FALSE,FALSE,FALSE,TRUE,FALSE,FALSE,FALSE,FALSE,FALSE,TRUE,TRUE,FALSE
Trumpeter Swan,Cygnus buccinator,core,NA,NA,FALSE,FALSE,FALSE,9,Ground,2,203,FALSE,FALSE,TRUE,0,2,0,0,0,0,1,FALSE,FALSE,3,FALSE,FALSE,FALSE,FALSE,FALSE,FALSE,FALSE,TRUE,TRUE,TRUE,FALSE,FALSE,FALSE,FALSE,TRUE,FALSE,TRUE,FALSE,FALSE,FALSE,FALSE,FALSE,TRUE,FALSE
Tufted Titmouse,Baeolophus bicolor,core,White,Other,FALSE,FALSE,FALSE,2,Cavity,3,25,TRUE,FALSE,FALSE,1,1,0,1,0,0,0,TRUE,FALSE,1,FALSE,FALSE,FALSE,FALSE,TRUE,FALSE,FALSE,TRUE,FALSE,FALSE,FALSE,FALSE,FALSE,TRUE,FALSE,TRUE,FALSE,TRUE,FALSE,FALSE,FALSE,TRUE,FALSE,FALSE
T,Prosthemadera novaeseelandiae,oceania,Brown,Food-related,FALSE,FALSE,FALSE,5,Bowl,2,42,TRUE,FALSE,FALSE,1,0,0,0,0,2,0,FALSE,FALSE,2,FALSE,FALSE,FALSE,FALSE,FALSE,FALSE,FALSE,FALSE,TRUE,FALSE,FALSE,FALSE,TRUE,TRUE,FALSE,FALSE,FALSE,FALSE,FALSE,FALSE,FALSE,FALSE,FALSE,TRUE
Turkey Vulture,Cathartes aura,core,Pink,Food from Birdfeeder,FALSE,FALSE,FALSE,1,Cavity,1,170,TRUE,TRUE,TRUE,0,0,0,0,0,0,0,FALSE,FALSE,0,FALSE,FALSE,FALSE,FALSE,TRUE,TRUE,FALSE,FALSE,FALSE,FALSE,FALSE,FALSE,FALSE,FALSE,TRUE,TRUE,FALSE,FALSE,FALSE,FALSE,FALSE,FALSE,FALSE,FALSE
Vaux's Swift,Chaetura vauxi,swiftstart,Brown,NA,FALSE,TRUE,FALSE,2,Cavity,3,31,TRUE,FALSE,FALSE,1,0,0,0,0,0,0,FALSE,FALSE,1,FALSE,FALSE,TRUE,FALSE,TRUE,FALSE,TRUE,FALSE,FALSE,FALSE,FALSE,FALSE,TRUE,TRUE,FALSE,TRUE,FALSE,FALSE,FALSE,FALSE,FALSE,FALSE,FALSE,FALSE
Violet-Green Swallow,Tachycineta thalassina,core,Brown,Flocking,FALSE,TRUE,FALSE,3,Cavity,3,36,TRUE,TRUE,TRUE,2,0,0,0,0,0,0,FALSE,FALSE,2,FALSE,FALSE,FALSE,TRUE,TRUE,TRUE,TRUE,FALSE,FALSE,FALSE,FALSE,FALSE,TRUE,FALSE,FALSE,TRUE,FALSE,FALSE,FALSE,FALSE,FALSE,FALSE,FALSE,FALSE
Wedge-Tailed Eagle,Aquila audax,oceania,Brown,Food-related,TRUE,FALSE,FALSE,7,Platform,2,207,TRUE,TRUE,TRUE,0,0,0,0,3,0,0,FALSE,FALSE,3,TRUE,FALSE,FALSE,FALSE,FALSE,TRUE,FALSE,FALSE,TRUE,FALSE,TRUE,FALSE,FALSE,FALSE,TRUE,FALSE,FALSE,FALSE,TRUE,FALSE,TRUE,FALSE,FALSE,FALSE
Welcome Swallow,Hirundo neoxena,oceania,White,NA,FALSE,TRUE,FALSE,1,Wild,5,28,FALSE,TRUE,TRUE,2,0,0,0,0,0,0,FALSE,FALSE,0,FALSE,FALSE,FALSE,FALSE,TRUE,TRUE,TRUE,FALSE,FALSE,TRUE,FALSE,FALSE,TRUE,FALSE,FALSE,TRUE,FALSE,TRUE,TRUE,FALSE,FALSE,FALSE,FALSE,TRUE
Western Meadowlark,Sturnella neglecta,core,Brown,Egg-laying,FALSE,FALSE,FALSE,2,Ground,4,38,FALSE,TRUE,FALSE,1,1,0,0,0,0,0,FALSE,FALSE,2,FALSE,TRUE,FALSE,FALSE,TRUE,FALSE,FALSE,TRUE,FALSE,TRUE,FALSE,FALSE,FALSE,FALSE,FALSE,FALSE,FALSE,FALSE,FALSE,TRUE,FALSE,FALSE,FALSE,FALSE
Western Tanager,Piranga ludoviciana,core,Brown,Food from Birdfeeder,FALSE,FALSE,FALSE,6,Bowl,2,30,TRUE,FALSE,FALSE,2,0,0,1,0,0,0,FALSE,FALSE,3,FALSE,TRUE,FALSE,FALSE,FALSE,FALSE,FALSE,FALSE,TRUE,FALSE,FALSE,FALSE,FALSE,TRUE,FALSE,FALSE,FALSE,TRUE,FALSE,FALSE,FALSE,TRUE,FALSE,TRUE
White Stork,Ciconia ciconia,european,Brown,Card-drawing,FALSE,FALSE,FALSE,8,Platform,2,160,FALSE,TRUE,TRUE,1,0,1,0,0,0,1,FALSE,FALSE,3,FALSE,FALSE,FALSE,TRUE,FALSE,TRUE,FALSE,FALSE,TRUE,FALSE,FALSE,TRUE,FALSE,FALSE,TRUE,FALSE,TRUE,FALSE,TRUE,FALSE,FALSE,FALSE,FALSE,FALSE
White Wagtail,Motacilla alba,european,Teal,Other,FALSE,FALSE,FALSE,2,Bowl,5,28,FALSE,TRUE,TRUE,2,0,0,0,0,0,0,FALSE,FALSE,2,TRUE,FALSE,FALSE,TRUE,TRUE,TRUE,FALSE,FALSE,FALSE,FALSE,FALSE,FALSE,TRUE,FALSE,FALSE,FALSE,FALSE,TRUE,FALSE,FALSE,FALSE,FALSE,FALSE,TRUE
White-Backed Woodpecker,Dendrocopos leucotos,european,Brown,Food-related,FALSE,FALSE,FALSE,2,Cavity,2,39,TRUE,FALSE,FALSE,1,0,0,1,0,0,0,TRUE,FALSE,1,TRUE,FALSE,FALSE,TRUE,TRUE,FALSE,FALSE,FALSE,FALSE,FALSE,FALSE,FALSE,FALSE,TRUE,FALSE,TRUE,FALSE,FALSE,FALSE,FALSE,FALSE,TRUE,FALSE,FALSE
White-Bellied Sea-Eagle,Haliaeetus leucogaster,oceania,Brown,Card-drawing,TRUE,FALSE,FALSE,7,Platform,2,200,TRUE,FALSE,TRUE,0,0,1,0,2,0,0,FALSE,FALSE,3,TRUE,TRUE,FALSE,TRUE,FALSE,TRUE,FALSE,FALSE,TRUE,FALSE,TRUE,TRUE,FALSE,FALSE,TRUE,FALSE,FALSE,FALSE,TRUE,FALSE,TRUE,FALSE,FALSE,FALSE
White-Breasted Nuthatch,Sitta carolinensis,core,Brown,Caching Food,FALSE,FALSE,FALSE,2,Cavity,3,28,TRUE,FALSE,FALSE,1,1,0,0,0,0,0,TRUE,FALSE,1,TRUE,FALSE,FALSE,TRUE,TRUE,FALSE,FALSE,TRUE,FALSE,FALSE,FALSE,FALSE,FALSE,TRUE,FALSE,TRUE,FALSE,TRUE,FALSE,FALSE,FALSE,FALSE,FALSE,FALSE
White-Breasted Woodswallow,Artamus leucoryn,oceania,White,NA,FALSE,FALSE,FALSE,3,Bowl,2,32,FALSE,TRUE,FALSE,2,0,0,0,0,0,0,FALSE,FALSE,0,TRUE,FALSE,FALSE,TRUE,TRUE,FALSE,FALSE,FALSE,FALSE,FALSE,FALSE,FALSE,TRUE,FALSE,FALSE,FALSE,FALSE,FALSE,FALSE,TRUE,FALSE,FALSE,FALSE,TRUE
White-Crowned Sparrow,Zonotrichia leucophrys,core,Brown,Other,FALSE,FALSE,FALSE,2,Ground,5,25,TRUE,TRUE,TRUE,1,1,0,0,0,0,0,FALSE,FALSE,2,TRUE,FALSE,FALSE,TRUE,TRUE,TRUE,FALSE,TRUE,FALSE,TRUE,FALSE,FALSE,FALSE,FALSE,FALSE,FALSE,FALSE,TRUE,FALSE,FALSE,FALSE,FALSE,FALSE,FALSE
White-Faced Heron,Egretta novaehollandiae,oceania,Brown,Tucking,TRUE,FALSE,FALSE,6,Platform,4,106,FALSE,FALSE,TRUE,1,0,1,0,1,0,0,FALSE,FALSE,2,TRUE,FALSE,FALSE,TRUE,FALSE,FALSE,FALSE,FALSE,TRUE,FALSE,TRUE,TRUE,FALSE,FALSE,TRUE,FALSE,FALSE,FALSE,TRUE,FALSE,TRUE,FALSE,TRUE,FALSE
White-Faced Ibis,Plegadis chihi,core,Brown,Hunting/Fishing,TRUE,FALSE,FALSE,8,Platform,2,91,FALSE,FALSE,TRUE,2,0,1,0,0,0,0,FALSE,FALSE,3,TRUE,FALSE,FALSE,TRUE,FALSE,FALSE,FALSE,FALSE,TRUE,FALSE,TRUE,TRUE,FALSE,FALSE,TRUE,FALSE,FALSE,FALSE,TRUE,FALSE,FALSE,FALSE,TRUE,FALSE
White-Throated Dipper,Cinclus cinclus,european,Brown,Card-drawing,FALSE,FALSE,FALSE,3,Cavity,4,28,FALSE,FALSE,TRUE,1,0,1,0,0,0,0,FALSE,FALSE,2,TRUE,FALSE,FALSE,TRUE,TRUE,FALSE,FALSE,FALSE,FALSE,FALSE,FALSE,TRUE,FALSE,FALSE,FALSE,TRUE,FALSE,TRUE,FALSE,FALSE,FALSE,FALSE,TRUE,FALSE
White-Throated Swift,Aeronautes saxatalis,swiftstart,Brown,NA,FALSE,TRUE,FALSE,2,Cavity,2,38,FALSE,TRUE,FALSE,1,0,0,0,0,0,0,FALSE,FALSE,1,TRUE,FALSE,FALSE,TRUE,TRUE,FALSE,TRUE,FALSE,FALSE,FALSE,FALSE,FALSE,TRUE,FALSE,FALSE,TRUE,FALSE,FALSE,FALSE,TRUE,FALSE,FALSE,FALSE,FALSE
Whooping Crane,Grus americana,core,White,Other,FALSE,FALSE,TRUE,6,Ground,1,221,FALSE,FALSE,TRUE,0,0,0,0,0,0,3,FALSE,FALSE,3,FALSE,FALSE,FALSE,FALSE,FALSE,FALSE,FALSE,FALSE,TRUE,TRUE,FALSE,FALSE,FALSE,FALSE,TRUE,FALSE,TRUE,FALSE,FALSE,FALSE,FALSE,FALSE,TRUE,FALSE
Wild Turkey,Meleagris gallopavo,core,NA,NA,FALSE,FALSE,FALSE,8,Ground,5,135,TRUE,TRUE,FALSE,0,2,0,1,0,0,0,FALSE,FALSE,3,FALSE,FALSE,FALSE,FALSE,FALSE,TRUE,FALSE,TRUE,TRUE,TRUE,FALSE,FALSE,FALSE,FALSE,TRUE,FALSE,FALSE,FALSE,FALSE,FALSE,FALSE,TRUE,FALSE,FALSE
Willet,Tringa semipalmata,core,Brown,Hunting/Fishing,TRUE,FALSE,FALSE,4,Ground,2,66,FALSE,FALSE,TRUE,1,0,1,0,0,0,0,TRUE,FALSE,1,FALSE,FALSE,FALSE,FALSE,FALSE,FALSE,FALSE,FALSE,FALSE,TRUE,TRUE,TRUE,FALSE,FALSE,TRUE,FALSE,FALSE,FALSE,FALSE,FALSE,FALSE,FALSE,TRUE,FALSE
Willie-Wagtail,Rhipidura leucophrys,oceania,Brown,Flocking,FALSE,FALSE,FALSE,2,Bowl,5,30,TRUE,TRUE,TRUE,1,0,0,0,0,0,1,FALSE,FALSE,0,TRUE,FALSE,FALSE,FALSE,TRUE,TRUE,FALSE,FALSE,FALSE,FALSE,FALSE,FALSE,FALSE,FALSE,FALSE,FALSE,TRUE,TRUE,FALSE,FALSE,FALSE,FALSE,FALSE,TRUE
Wilson's Snipe,Gallinago delicata,core,Brown,Card-drawing,FALSE,FALSE,FALSE,5,Ground,2,41,FALSE,FALSE,TRUE,1,0,0,0,0,0,0,FALSE,FALSE,1,FALSE,FALSE,TRUE,FALSE,FALSE,FALSE,FALSE,FALSE,FALSE,TRUE,FALSE,FALSE,TRUE,FALSE,FALSE,FALSE,FALSE,FALSE,FALSE,FALSE,FALSE,FALSE,TRUE,FALSE
Wilson's Storm Petrel,Oceanites oceanicus,european,Brown,Card-drawing,FALSE,FALSE,FALSE,6,Wild,1,38,FALSE,FALSE,TRUE,1,0,2,0,0,0,0,FALSE,FALSE,3,FALSE,FALSE,TRUE,FALSE,FALSE,FALSE,FALSE,FALSE,TRUE,TRUE,FALSE,TRUE,FALSE,FALSE,FALSE,TRUE,FALSE,FALSE,TRUE,FALSE,FALSE,FALSE,TRUE,TRUE
Wood Duck,Aix sponsa,core,Brown,Card-drawing,FALSE,FALSE,FALSE,4,Cavity,4,76,TRUE,FALSE,TRUE,0,2,0,1,0,0,0,FALSE,FALSE,3,FALSE,FALSE,FALSE,FALSE,FALSE,TRUE,FALSE,TRUE,TRUE,FALSE,FALSE,FALSE,FALSE,FALSE,TRUE,TRUE,FALSE,FALSE,FALSE,FALSE,FALSE,TRUE,FALSE,FALSE
Wood Stork,Mycteria americana,core,White,Other,FALSE,FALSE,TRUE,6,Platform,2,155,FALSE,FALSE,TRUE,0,0,1,0,1,0,1,FALSE,FALSE,3,FALSE,FALSE,FALSE,FALSE,FALSE,FALSE,FALSE,FALSE,TRUE,FALSE,FALSE,TRUE,FALSE,FALSE,TRUE,FALSE,TRUE,FALSE,TRUE,FALSE,TRUE,FALSE,TRUE,FALSE
Wrybill,Anarhynchus frontalis,oceania,White,NA,FALSE,FALSE,TRUE,4,Ground,2,49,FALSE,FALSE,TRUE,1,0,1,0,0,0,0,FALSE,FALSE,1,TRUE,FALSE,FALSE,FALSE,FALSE,FALSE,FALSE,FALSE,FALSE,TRUE,FALSE,TRUE,FALSE,FALSE,FALSE,FALSE,FALSE,FALSE,FALSE,FALSE,FALSE,FALSE,TRUE,FALSE
Yellow-Bellied Sapsucker,Sphyrapicus varius,core,Brown,Food from Supply,FALSE,FALSE,FALSE,3,Cavity,3,41,TRUE,FALSE,FALSE,1,0,0,1,0,0,0,FALSE,FALSE,2,TRUE,FALSE,FALSE,TRUE,TRUE,FALSE,FALSE,FALSE,FALSE,FALSE,FALSE,FALSE,FALSE,TRUE,FALSE,TRUE,FALSE,FALSE,FALSE,FALSE,FALSE,TRUE,FALSE,FALSE
Yellow-Billed Cuckoo,Coccyzus americanus,core,Pink,Egg-laying,FALSE,FALSE,FALSE,5,Platform,2,46,TRUE,FALSE,FALSE,2,0,0,0,0,0,1,FALSE,FALSE,3,TRUE,FALSE,FALSE,TRUE,FALSE,FALSE,FALSE,FALSE,TRUE,FALSE,FALSE,FALSE,FALSE,TRUE,FALSE,FALSE,TRUE,FALSE,TRUE,FALSE,FALSE,FALSE,FALSE,FALSE
Yellow-Breasted Chat,Icteria virens,core,Brown,Other,FALSE,FALSE,FALSE,5,Bowl,3,25,TRUE,TRUE,TRUE,1,0,0,2,0,0,0,FALSE,FALSE,3,TRUE,FALSE,FALSE,TRUE,FALSE,TRUE,FALSE,FALSE,TRUE,FALSE,FALSE,FALSE,FALSE,FALSE,FALSE,FALSE,FALSE,TRUE,FALSE,FALSE,FALSE,TRUE,FALSE,TRUE
Yellow-Headed Blackbird,Xanthocephalus xanthocephalus,core,Brown,Flocking,FALSE,TRUE,FALSE,4,Bowl,3,38,FALSE,FALSE,TRUE,1,1,0,0,0,0,0,FALSE,FALSE,2,TRUE,FALSE,FALSE,TRUE,FALSE,FALSE,TRUE,TRUE,FALSE,FALSE,FALSE,FALSE,FALSE,FALSE,FALSE,FALSE,FALSE,FALSE,FALSE,FALSE,FALSE,FALSE,TRUE,TRUE
Yellow-Rumped Warbler,Setophaga coronata,core,Brown,Flocking,FALSE,TRUE,FALSE,1,Bowl,4,23,TRUE,FALSE,FALSE,1,1,0,1,0,0,0,TRUE,FALSE,1,TRUE,FALSE,FALSE,TRUE,TRUE,FALSE,TRUE,TRUE,FALSE,FALSE,FALSE,FALSE,FALSE,TRUE,FALSE,FALSE,FALSE,TRUE,FALSE,FALSE,FALSE,TRUE,FALSE,TRUE
Yellowhammer,Emberiza citrinella,european,Teal,Other,FALSE,FALSE,FALSE,2,Ground,3,26,TRUE,TRUE,FALSE,0,2,0,0,0,0,0,FALSE,FALSE,2,FALSE,FALSE,FALSE,TRUE,TRUE,TRUE,FALSE,TRUE,FALSE,TRUE,FALSE,FALSE,FALSE,FALSE,FALSE,FALSE,FALSE,TRUE,FALSE,FALSE,FALSE,FALSE,FALSE,FALSE